cfgid,usemsk,usepad,roi,interp,optim,linesearch,divini,srcgrd,ffdgrd,passdof,conjtot,levels,iters,steps,rejects,lastn,epsilon,sim,bins,padbins,window,ds,be,le,le_mu,le_lambda,le_rot,nj,lj,jaceps,gamma
0001,true,true,Union,Linear,ConjugateGradientDescent,Adaptive,false,true,Analytic,false,true,3,300,12,12,0,0,NMI,64,false,5,2.5,0,0,1,0,true,0,0,0.1,0.5
0002,true,true,Union,Linear,ConjugateGradientDescent,Adaptive,false,true,Analytic,false,true,3,300,12,12,0,0,NMI,64,false,5,2.5,0.0001,0,1,0,true,0,0,0.1,0.5
0003,true,true,Union,Linear,ConjugateGradientDescent,Adaptive,false,true,Analytic,false,true,3,300,12,12,0,0,NMI,64,false,5,2.5,0.005,0,1,0,true,0,0,0.1,0.5
0004,true,true,Union,Linear,ConjugateGradientDescent,Adaptive,false,true,Analytic,false,true,3,300,12,12,0,0,NMI,64,false,5,2.5,0.001,0,1,0,true,0,0,0.1,0.5
0005,true,true,Union,Linear,ConjugateGradientDescent,Adaptive,false,true,Analytic,false,true,3,300,12,12,0,0,NMI,64,false,5,2.5,0.005,0,1,0,true,0,0,0.1,0.5
0006,true,true,Union,Linear,ConjugateGradientDescent,Adaptive,false,true,Analytic,false,true,3,300,12,12,0,0,NMI,64,false,5,2.5,0.01,0,1,0,true,0,0,0.1,0.5
0007,true,true,Union,Linear,ConjugateGradientDescent,Adaptive,false,true,Analytic,false,true,3,300,12,12,0,0,NMI,64,false,5,2.5,0.05,0,1,0,true,0,0,0.1,0.5
0008,true,true,Union,Linear,ConjugateGradientDescent,Adaptive,false,true,Analytic,false,true,3,300,12,12,0,0,NMI,64,false,5,2.5,0.1,0,1,0,true,0,0,0.1,0.5
0009,true,true,Union,Linear,ConjugateGradientDescent,Adaptive,false,true,Analytic,false,true,3,300,12,12,0,0,NMI,64,false,5,2.5,0.5,0,1,0,true,0,0,0.1,0.5
0010,true,true,Union,Linear,ConjugateGradientDescent,Adaptive,false,true,Analytic,false,true,3,300,12,12,0,0,NMI,64,false,5,2.5,1,0,1,0,true,0,0,0.1,0.5
0011,true,true,Union,Linear,ConjugateGradientDescent,Adaptive,false,true,Convolution,false,true,3,300,12,12,0,0,NMI,64,false,5,2.5,0,0,1,0,true,0,0,0.1,0.5
0012,true,true,Union,Linear,ConjugateGradientDescent,Adaptive,false,true,Convolution,false,true,3,300,12,12,0,0,NMI,64,false,5,2.5,0.0001,0,1,0,true,0,0,0.1,0.5
0013,true,true,Union,Linear,ConjugateGradientDescent,Adaptive,false,true,Convolution,false,true,3,300,12,12,0,0,NMI,64,false,5,2.5,0.005,0,1,0,true,0,0,0.1,0.5
0014,true,true,Union,Linear,ConjugateGradientDescent,Adaptive,false,true,Convolution,false,true,3,300,12,12,0,0,NMI,64,false,5,2.5,0.001,0,1,0,true,0,0,0.1,0.5
0015,true,true,Union,Linear,ConjugateGradientDescent,Adaptive,false,true,Convolution,false,true,3,300,12,12,0,0,NMI,64,false,5,2.5,0.005,0,1,0,true,0,0,0.1,0.5
0016,true,true,Union,Linear,ConjugateGradientDescent,Adaptive,false,true,Convolution,false,true,3,300,12,12,0,0,NMI,64,false,5,2.5,0.01,0,1,0,true,0,0,0.1,0.5
0017,true,true,Union,Linear,ConjugateGradientDescent,Adaptive,false,true,Convolution,false,true,3,300,12,12,0,0,NMI,64,false,5,2.5,0.05,0,1,0,true,0,0,0.1,0.5
0018,true,true,Union,Linear,ConjugateGradientDescent,Adaptive,false,true,Convolution,false,true,3,300,12,12,0,0,NMI,64,false,5,2.5,0.1,0,1,0,true,0,0,0.1,0.5
0019,true,true,Union,Linear,ConjugateGradientDescent,Adaptive,false,true,Convolution,false,true,3,300,12,12,0,0,NMI,64,false,5,2.5,0.5,0,1,0,true,0,0,0.1,0.5
0020,true,true,Union,Linear,ConjugateGradientDescent,Adaptive,false,true,Convolution,false,true,3,300,12,12,0,0,NMI,64,false,5,2.5,1,0,1,0,true,0,0,0.1,0.5
0021,true,true,Union,Linear,ConjugateGradientDescent,Adaptive,false,true,DMFFD,false,true,3,300,12,12,0,0,NMI,64,false,5,2.5,0,0,1,0,true,0,0,0.1,0.5
0022,true,true,Union,Linear,ConjugateGradientDescent,Adaptive,false,true,DMFFD,false,true,3,300,12,12,0,0,NMI,64,false,5,2.5,0.0001,0,1,0,true,0,0,0.1,0.5
0023,true,true,Union,Linear,ConjugateGradientDescent,Adaptive,false,true,DMFFD,false,true,3,300,12,12,0,0,NMI,64,false,5,2.5,0.005,0,1,0,true,0,0,0.1,0.5
0024,true,true,Union,Linear,ConjugateGradientDescent,Adaptive,false,true,DMFFD,false,true,3,300,12,12,0,0,NMI,64,false,5,2.5,0.001,0,1,0,true,0,0,0.1,0.5
0025,true,true,Union,Linear,ConjugateGradientDescent,Adaptive,false,true,DMFFD,false,true,3,300,12,12,0,0,NMI,64,false,5,2.5,0.005,0,1,0,true,0,0,0.1,0.5
0026,true,true,Union,Linear,ConjugateGradientDescent,Adaptive,false,true,DMFFD,false,true,3,300,12,12,0,0,NMI,64,false,5,2.5,0.01,0,1,0,true,0,0,0.1,0.5
0027,true,true,Union,Linear,ConjugateGradientDescent,Adaptive,false,true,DMFFD,false,true,3,300,12,12,0,0,NMI,64,false,5,2.5,0.05,0,1,0,true,0,0,0.1,0.5
0028,true,true,Union,Linear,ConjugateGradientDescent,Adaptive,false,true,DMFFD,false,true,3,300,12,12,0,0,NMI,64,false,5,2.5,0.1,0,1,0,true,0,0,0.1,0.5
0029,true,true,Union,Linear,ConjugateGradientDescent,Adaptive,false,true,DMFFD,false,true,3,300,12,12,0,0,NMI,64,false,5,2.5,0.5,0,1,0,true,0,0,0.1,0.5
0030,true,true,Union,Linear,ConjugateGradientDescent,Adaptive,false,true,DMFFD,false,true,3,300,12,12,0,0,NMI,64,false,5,2.5,1,0,1,0,true,0,0,0.1,0.5
0031,true,true,Union,Linear,ConjugateGradientDescent,Adaptive,false,true,Analytic,false,true,3,300,12,12,0,0,NMI,64,false,5,2.5,0,1,0,0.0001,true,0,0,0.1,0.5
0032,true,true,Union,Linear,ConjugateGradientDescent,Adaptive,false,true,Analytic,false,true,3,300,12,12,0,0,NMI,64,false,5,2.5,0,1,0,0.005,true,0,0,0.1,0.5
0033,true,true,Union,Linear,ConjugateGradientDescent,Adaptive,false,true,Analytic,false,true,3,300,12,12,0,0,NMI,64,false,5,2.5,0,1,0,0.001,true,0,0,0.1,0.5
0034,true,true,Union,Linear,ConjugateGradientDescent,Adaptive,false,true,Analytic,false,true,3,300,12,12,0,0,NMI,64,false,5,2.5,0,1,0,0.005,true,0,0,0.1,0.5
0035,true,true,Union,Linear,ConjugateGradientDescent,Adaptive,false,true,Analytic,false,true,3,300,12,12,0,0,NMI,64,false,5,2.5,0,1,0,0.01,true,0,0,0.1,0.5
0036,true,true,Union,Linear,ConjugateGradientDescent,Adaptive,false,true,Analytic,false,true,3,300,12,12,0,0,NMI,64,false,5,2.5,0,1,0,0.05,true,0,0,0.1,0.5
0037,true,true,Union,Linear,ConjugateGradientDescent,Adaptive,false,true,Analytic,false,true,3,300,12,12,0,0,NMI,64,false,5,2.5,0,1,0,0.1,true,0,0,0.1,0.5
0038,true,true,Union,Linear,ConjugateGradientDescent,Adaptive,false,true,Analytic,false,true,3,300,12,12,0,0,NMI,64,false,5,2.5,0,1,0,0.5,true,0,0,0.1,0.5
0039,true,true,Union,Linear,ConjugateGradientDescent,Adaptive,false,true,Analytic,false,true,3,300,12,12,0,0,NMI,64,false,5,2.5,0,1,0,1,true,0,0,0.1,0.5
0040,true,true,Union,Linear,ConjugateGradientDescent,Adaptive,false,true,Analytic,false,true,3,300,12,12,0,0,NMI,64,false,5,2.5,0,1,0.0001,0,true,0,0,0.1,0.5
0041,true,true,Union,Linear,ConjugateGradientDescent,Adaptive,false,true,Analytic,false,true,3,300,12,12,0,0,NMI,64,false,5,2.5,0,1,0.0001,0.0001,true,0,0,0.1,0.5
0042,true,true,Union,Linear,ConjugateGradientDescent,Adaptive,false,true,Analytic,false,true,3,300,12,12,0,0,NMI,64,false,5,2.5,0,1,0.0001,0.005,true,0,0,0.1,0.5
0043,true,true,Union,Linear,ConjugateGradientDescent,Adaptive,false,true,Analytic,false,true,3,300,12,12,0,0,NMI,64,false,5,2.5,0,1,0.0001,0.001,true,0,0,0.1,0.5
0044,true,true,Union,Linear,ConjugateGradientDescent,Adaptive,false,true,Analytic,false,true,3,300,12,12,0,0,NMI,64,false,5,2.5,0,1,0.0001,0.005,true,0,0,0.1,0.5
0045,true,true,Union,Linear,ConjugateGradientDescent,Adaptive,false,true,Analytic,false,true,3,300,12,12,0,0,NMI,64,false,5,2.5,0,1,0.0001,0.01,true,0,0,0.1,0.5
0046,true,true,Union,Linear,ConjugateGradientDescent,Adaptive,false,true,Analytic,false,true,3,300,12,12,0,0,NMI,64,false,5,2.5,0,1,0.0001,0.05,true,0,0,0.1,0.5
0047,true,true,Union,Linear,ConjugateGradientDescent,Adaptive,false,true,Analytic,false,true,3,300,12,12,0,0,NMI,64,false,5,2.5,0,1,0.0001,0.1,true,0,0,0.1,0.5
0048,true,true,Union,Linear,ConjugateGradientDescent,Adaptive,false,true,Analytic,false,true,3,300,12,12,0,0,NMI,64,false,5,2.5,0,1,0.0001,0.5,true,0,0,0.1,0.5
0049,true,true,Union,Linear,ConjugateGradientDescent,Adaptive,false,true,Analytic,false,true,3,300,12,12,0,0,NMI,64,false,5,2.5,0,1,0.0001,1,true,0,0,0.1,0.5
0050,true,true,Union,Linear,ConjugateGradientDescent,Adaptive,false,true,Analytic,false,true,3,300,12,12,0,0,NMI,64,false,5,2.5,0,1,0.005,0,true,0,0,0.1,0.5
0051,true,true,Union,Linear,ConjugateGradientDescent,Adaptive,false,true,Analytic,false,true,3,300,12,12,0,0,NMI,64,false,5,2.5,0,1,0.005,0.0001,true,0,0,0.1,0.5
0052,true,true,Union,Linear,ConjugateGradientDescent,Adaptive,false,true,Analytic,false,true,3,300,12,12,0,0,NMI,64,false,5,2.5,0,1,0.005,0.005,true,0,0,0.1,0.5
0053,true,true,Union,Linear,ConjugateGradientDescent,Adaptive,false,true,Analytic,false,true,3,300,12,12,0,0,NMI,64,false,5,2.5,0,1,0.005,0.001,true,0,0,0.1,0.5
0054,true,true,Union,Linear,ConjugateGradientDescent,Adaptive,false,true,Analytic,false,true,3,300,12,12,0,0,NMI,64,false,5,2.5,0,1,0.005,0.005,true,0,0,0.1,0.5
0055,true,true,Union,Linear,ConjugateGradientDescent,Adaptive,false,true,Analytic,false,true,3,300,12,12,0,0,NMI,64,false,5,2.5,0,1,0.005,0.01,true,0,0,0.1,0.5
0056,true,true,Union,Linear,ConjugateGradientDescent,Adaptive,false,true,Analytic,false,true,3,300,12,12,0,0,NMI,64,false,5,2.5,0,1,0.005,0.05,true,0,0,0.1,0.5
0057,true,true,Union,Linear,ConjugateGradientDescent,Adaptive,false,true,Analytic,false,true,3,300,12,12,0,0,NMI,64,false,5,2.5,0,1,0.005,0.1,true,0,0,0.1,0.5
0058,true,true,Union,Linear,ConjugateGradientDescent,Adaptive,false,true,Analytic,false,true,3,300,12,12,0,0,NMI,64,false,5,2.5,0,1,0.005,0.5,true,0,0,0.1,0.5
0059,true,true,Union,Linear,ConjugateGradientDescent,Adaptive,false,true,Analytic,false,true,3,300,12,12,0,0,NMI,64,false,5,2.5,0,1,0.005,1,true,0,0,0.1,0.5
0060,true,true,Union,Linear,ConjugateGradientDescent,Adaptive,false,true,Analytic,false,true,3,300,12,12,0,0,NMI,64,false,5,2.5,0,1,0.001,0,true,0,0,0.1,0.5
0061,true,true,Union,Linear,ConjugateGradientDescent,Adaptive,false,true,Analytic,false,true,3,300,12,12,0,0,NMI,64,false,5,2.5,0,1,0.001,0.0001,true,0,0,0.1,0.5
0062,true,true,Union,Linear,ConjugateGradientDescent,Adaptive,false,true,Analytic,false,true,3,300,12,12,0,0,NMI,64,false,5,2.5,0,1,0.001,0.005,true,0,0,0.1,0.5
0063,true,true,Union,Linear,ConjugateGradientDescent,Adaptive,false,true,Analytic,false,true,3,300,12,12,0,0,NMI,64,false,5,2.5,0,1,0.001,0.001,true,0,0,0.1,0.5
0064,true,true,Union,Linear,ConjugateGradientDescent,Adaptive,false,true,Analytic,false,true,3,300,12,12,0,0,NMI,64,false,5,2.5,0,1,0.001,0.005,true,0,0,0.1,0.5
0065,true,true,Union,Linear,ConjugateGradientDescent,Adaptive,false,true,Analytic,false,true,3,300,12,12,0,0,NMI,64,false,5,2.5,0,1,0.001,0.01,true,0,0,0.1,0.5
0066,true,true,Union,Linear,ConjugateGradientDescent,Adaptive,false,true,Analytic,false,true,3,300,12,12,0,0,NMI,64,false,5,2.5,0,1,0.001,0.05,true,0,0,0.1,0.5
0067,true,true,Union,Linear,ConjugateGradientDescent,Adaptive,false,true,Analytic,false,true,3,300,12,12,0,0,NMI,64,false,5,2.5,0,1,0.001,0.1,true,0,0,0.1,0.5
0068,true,true,Union,Linear,ConjugateGradientDescent,Adaptive,false,true,Analytic,false,true,3,300,12,12,0,0,NMI,64,false,5,2.5,0,1,0.001,0.5,true,0,0,0.1,0.5
0069,true,true,Union,Linear,ConjugateGradientDescent,Adaptive,false,true,Analytic,false,true,3,300,12,12,0,0,NMI,64,false,5,2.5,0,1,0.001,1,true,0,0,0.1,0.5
0070,true,true,Union,Linear,ConjugateGradientDescent,Adaptive,false,true,Analytic,false,true,3,300,12,12,0,0,NMI,64,false,5,2.5,0,1,0.005,0,true,0,0,0.1,0.5
0071,true,true,Union,Linear,ConjugateGradientDescent,Adaptive,false,true,Analytic,false,true,3,300,12,12,0,0,NMI,64,false,5,2.5,0,1,0.005,0.0001,true,0,0,0.1,0.5
0072,true,true,Union,Linear,ConjugateGradientDescent,Adaptive,false,true,Analytic,false,true,3,300,12,12,0,0,NMI,64,false,5,2.5,0,1,0.005,0.005,true,0,0,0.1,0.5
0073,true,true,Union,Linear,ConjugateGradientDescent,Adaptive,false,true,Analytic,false,true,3,300,12,12,0,0,NMI,64,false,5,2.5,0,1,0.005,0.001,true,0,0,0.1,0.5
0074,true,true,Union,Linear,ConjugateGradientDescent,Adaptive,false,true,Analytic,false,true,3,300,12,12,0,0,NMI,64,false,5,2.5,0,1,0.005,0.005,true,0,0,0.1,0.5
0075,true,true,Union,Linear,ConjugateGradientDescent,Adaptive,false,true,Analytic,false,true,3,300,12,12,0,0,NMI,64,false,5,2.5,0,1,0.005,0.01,true,0,0,0.1,0.5
0076,true,true,Union,Linear,ConjugateGradientDescent,Adaptive,false,true,Analytic,false,true,3,300,12,12,0,0,NMI,64,false,5,2.5,0,1,0.005,0.05,true,0,0,0.1,0.5
0077,true,true,Union,Linear,ConjugateGradientDescent,Adaptive,false,true,Analytic,false,true,3,300,12,12,0,0,NMI,64,false,5,2.5,0,1,0.005,0.1,true,0,0,0.1,0.5
0078,true,true,Union,Linear,ConjugateGradientDescent,Adaptive,false,true,Analytic,false,true,3,300,12,12,0,0,NMI,64,false,5,2.5,0,1,0.005,0.5,true,0,0,0.1,0.5
0079,true,true,Union,Linear,ConjugateGradientDescent,Adaptive,false,true,Analytic,false,true,3,300,12,12,0,0,NMI,64,false,5,2.5,0,1,0.005,1,true,0,0,0.1,0.5
0080,true,true,Union,Linear,ConjugateGradientDescent,Adaptive,false,true,Analytic,false,true,3,300,12,12,0,0,NMI,64,false,5,2.5,0,1,0.01,0,true,0,0,0.1,0.5
0081,true,true,Union,Linear,ConjugateGradientDescent,Adaptive,false,true,Analytic,false,true,3,300,12,12,0,0,NMI,64,false,5,2.5,0,1,0.01,0.0001,true,0,0,0.1,0.5
0082,true,true,Union,Linear,ConjugateGradientDescent,Adaptive,false,true,Analytic,false,true,3,300,12,12,0,0,NMI,64,false,5,2.5,0,1,0.01,0.005,true,0,0,0.1,0.5
0083,true,true,Union,Linear,ConjugateGradientDescent,Adaptive,false,true,Analytic,false,true,3,300,12,12,0,0,NMI,64,false,5,2.5,0,1,0.01,0.001,true,0,0,0.1,0.5
0084,true,true,Union,Linear,ConjugateGradientDescent,Adaptive,false,true,Analytic,false,true,3,300,12,12,0,0,NMI,64,false,5,2.5,0,1,0.01,0.005,true,0,0,0.1,0.5
0085,true,true,Union,Linear,ConjugateGradientDescent,Adaptive,false,true,Analytic,false,true,3,300,12,12,0,0,NMI,64,false,5,2.5,0,1,0.01,0.01,true,0,0,0.1,0.5
0086,true,true,Union,Linear,ConjugateGradientDescent,Adaptive,false,true,Analytic,false,true,3,300,12,12,0,0,NMI,64,false,5,2.5,0,1,0.01,0.05,true,0,0,0.1,0.5
0087,true,true,Union,Linear,ConjugateGradientDescent,Adaptive,false,true,Analytic,false,true,3,300,12,12,0,0,NMI,64,false,5,2.5,0,1,0.01,0.1,true,0,0,0.1,0.5
0088,true,true,Union,Linear,ConjugateGradientDescent,Adaptive,false,true,Analytic,false,true,3,300,12,12,0,0,NMI,64,false,5,2.5,0,1,0.01,0.5,true,0,0,0.1,0.5
0089,true,true,Union,Linear,ConjugateGradientDescent,Adaptive,false,true,Analytic,false,true,3,300,12,12,0,0,NMI,64,false,5,2.5,0,1,0.01,1,true,0,0,0.1,0.5
0090,true,true,Union,Linear,ConjugateGradientDescent,Adaptive,false,true,Analytic,false,true,3,300,12,12,0,0,NMI,64,false,5,2.5,0,1,0.05,0,true,0,0,0.1,0.5
0091,true,true,Union,Linear,ConjugateGradientDescent,Adaptive,false,true,Analytic,false,true,3,300,12,12,0,0,NMI,64,false,5,2.5,0,1,0.05,0.0001,true,0,0,0.1,0.5
0092,true,true,Union,Linear,ConjugateGradientDescent,Adaptive,false,true,Analytic,false,true,3,300,12,12,0,0,NMI,64,false,5,2.5,0,1,0.05,0.005,true,0,0,0.1,0.5
0093,true,true,Union,Linear,ConjugateGradientDescent,Adaptive,false,true,Analytic,false,true,3,300,12,12,0,0,NMI,64,false,5,2.5,0,1,0.05,0.001,true,0,0,0.1,0.5
0094,true,true,Union,Linear,ConjugateGradientDescent,Adaptive,false,true,Analytic,false,true,3,300,12,12,0,0,NMI,64,false,5,2.5,0,1,0.05,0.005,true,0,0,0.1,0.5
0095,true,true,Union,Linear,ConjugateGradientDescent,Adaptive,false,true,Analytic,false,true,3,300,12,12,0,0,NMI,64,false,5,2.5,0,1,0.05,0.01,true,0,0,0.1,0.5
0096,true,true,Union,Linear,ConjugateGradientDescent,Adaptive,false,true,Analytic,false,true,3,300,12,12,0,0,NMI,64,false,5,2.5,0,1,0.05,0.05,true,0,0,0.1,0.5
0097,true,true,Union,Linear,ConjugateGradientDescent,Adaptive,false,true,Analytic,false,true,3,300,12,12,0,0,NMI,64,false,5,2.5,0,1,0.05,0.1,true,0,0,0.1,0.5
0098,true,true,Union,Linear,ConjugateGradientDescent,Adaptive,false,true,Analytic,false,true,3,300,12,12,0,0,NMI,64,false,5,2.5,0,1,0.05,0.5,true,0,0,0.1,0.5
0099,true,true,Union,Linear,ConjugateGradientDescent,Adaptive,false,true,Analytic,false,true,3,300,12,12,0,0,NMI,64,false,5,2.5,0,1,0.05,1,true,0,0,0.1,0.5
0100,true,true,Union,Linear,ConjugateGradientDescent,Adaptive,false,true,Analytic,false,true,3,300,12,12,0,0,NMI,64,false,5,2.5,0,1,0.1,0,true,0,0,0.1,0.5
0101,true,true,Union,Linear,ConjugateGradientDescent,Adaptive,false,true,Analytic,false,true,3,300,12,12,0,0,NMI,64,false,5,2.5,0,1,0.1,0.0001,true,0,0,0.1,0.5
0102,true,true,Union,Linear,ConjugateGradientDescent,Adaptive,false,true,Analytic,false,true,3,300,12,12,0,0,NMI,64,false,5,2.5,0,1,0.1,0.005,true,0,0,0.1,0.5
0103,true,true,Union,Linear,ConjugateGradientDescent,Adaptive,false,true,Analytic,false,true,3,300,12,12,0,0,NMI,64,false,5,2.5,0,1,0.1,0.001,true,0,0,0.1,0.5
0104,true,true,Union,Linear,ConjugateGradientDescent,Adaptive,false,true,Analytic,false,true,3,300,12,12,0,0,NMI,64,false,5,2.5,0,1,0.1,0.005,true,0,0,0.1,0.5
0105,true,true,Union,Linear,ConjugateGradientDescent,Adaptive,false,true,Analytic,false,true,3,300,12,12,0,0,NMI,64,false,5,2.5,0,1,0.1,0.01,true,0,0,0.1,0.5
0106,true,true,Union,Linear,ConjugateGradientDescent,Adaptive,false,true,Analytic,false,true,3,300,12,12,0,0,NMI,64,false,5,2.5,0,1,0.1,0.05,true,0,0,0.1,0.5
0107,true,true,Union,Linear,ConjugateGradientDescent,Adaptive,false,true,Analytic,false,true,3,300,12,12,0,0,NMI,64,false,5,2.5,0,1,0.1,0.1,true,0,0,0.1,0.5
0108,true,true,Union,Linear,ConjugateGradientDescent,Adaptive,false,true,Analytic,false,true,3,300,12,12,0,0,NMI,64,false,5,2.5,0,1,0.1,0.5,true,0,0,0.1,0.5
0109,true,true,Union,Linear,ConjugateGradientDescent,Adaptive,false,true,Analytic,false,true,3,300,12,12,0,0,NMI,64,false,5,2.5,0,1,0.1,1,true,0,0,0.1,0.5
0110,true,true,Union,Linear,ConjugateGradientDescent,Adaptive,false,true,Analytic,false,true,3,300,12,12,0,0,NMI,64,false,5,2.5,0,1,0.5,0,true,0,0,0.1,0.5
0111,true,true,Union,Linear,ConjugateGradientDescent,Adaptive,false,true,Analytic,false,true,3,300,12,12,0,0,NMI,64,false,5,2.5,0,1,0.5,0.0001,true,0,0,0.1,0.5
0112,true,true,Union,Linear,ConjugateGradientDescent,Adaptive,false,true,Analytic,false,true,3,300,12,12,0,0,NMI,64,false,5,2.5,0,1,0.5,0.005,true,0,0,0.1,0.5
0113,true,true,Union,Linear,ConjugateGradientDescent,Adaptive,false,true,Analytic,false,true,3,300,12,12,0,0,NMI,64,false,5,2.5,0,1,0.5,0.001,true,0,0,0.1,0.5
0114,true,true,Union,Linear,ConjugateGradientDescent,Adaptive,false,true,Analytic,false,true,3,300,12,12,0,0,NMI,64,false,5,2.5,0,1,0.5,0.005,true,0,0,0.1,0.5
0115,true,true,Union,Linear,ConjugateGradientDescent,Adaptive,false,true,Analytic,false,true,3,300,12,12,0,0,NMI,64,false,5,2.5,0,1,0.5,0.01,true,0,0,0.1,0.5
0116,true,true,Union,Linear,ConjugateGradientDescent,Adaptive,false,true,Analytic,false,true,3,300,12,12,0,0,NMI,64,false,5,2.5,0,1,0.5,0.05,true,0,0,0.1,0.5
0117,true,true,Union,Linear,ConjugateGradientDescent,Adaptive,false,true,Analytic,false,true,3,300,12,12,0,0,NMI,64,false,5,2.5,0,1,0.5,0.1,true,0,0,0.1,0.5
0118,true,true,Union,Linear,ConjugateGradientDescent,Adaptive,false,true,Analytic,false,true,3,300,12,12,0,0,NMI,64,false,5,2.5,0,1,0.5,0.5,true,0,0,0.1,0.5
0119,true,true,Union,Linear,ConjugateGradientDescent,Adaptive,false,true,Analytic,false,true,3,300,12,12,0,0,NMI,64,false,5,2.5,0,1,0.5,1,true,0,0,0.1,0.5
0120,true,true,Union,Linear,ConjugateGradientDescent,Adaptive,false,true,Analytic,false,true,3,300,12,12,0,0,NMI,64,false,5,2.5,0,1,1,0,true,0,0,0.1,0.5
0121,true,true,Union,Linear,ConjugateGradientDescent,Adaptive,false,true,Analytic,false,true,3,300,12,12,0,0,NMI,64,false,5,2.5,0,1,1,0.0001,true,0,0,0.1,0.5
0122,true,true,Union,Linear,ConjugateGradientDescent,Adaptive,false,true,Analytic,false,true,3,300,12,12,0,0,NMI,64,false,5,2.5,0,1,1,0.005,true,0,0,0.1,0.5
0123,true,true,Union,Linear,ConjugateGradientDescent,Adaptive,false,true,Analytic,false,true,3,300,12,12,0,0,NMI,64,false,5,2.5,0,1,1,0.001,true,0,0,0.1,0.5
0124,true,true,Union,Linear,ConjugateGradientDescent,Adaptive,false,true,Analytic,false,true,3,300,12,12,0,0,NMI,64,false,5,2.5,0,1,1,0.005,true,0,0,0.1,0.5
0125,true,true,Union,Linear,ConjugateGradientDescent,Adaptive,false,true,Analytic,false,true,3,300,12,12,0,0,NMI,64,false,5,2.5,0,1,1,0.01,true,0,0,0.1,0.5
0126,true,true,Union,Linear,ConjugateGradientDescent,Adaptive,false,true,Analytic,false,true,3,300,12,12,0,0,NMI,64,false,5,2.5,0,1,1,0.05,true,0,0,0.1,0.5
0127,true,true,Union,Linear,ConjugateGradientDescent,Adaptive,false,true,Analytic,false,true,3,300,12,12,0,0,NMI,64,false,5,2.5,0,1,1,0.1,true,0,0,0.1,0.5
0128,true,true,Union,Linear,ConjugateGradientDescent,Adaptive,false,true,Analytic,false,true,3,300,12,12,0,0,NMI,64,false,5,2.5,0,1,1,0.5,true,0,0,0.1,0.5
0129,true,true,Union,Linear,ConjugateGradientDescent,Adaptive,false,true,Analytic,false,true,3,300,12,12,0,0,NMI,64,false,5,2.5,0,1,1,1,true,0,0,0.1,0.5
0130,true,true,Union,Linear,ConjugateGradientDescent,Adaptive,false,true,Convolution,false,true,3,300,12,12,0,0,NMI,64,false,5,2.5,0,1,0,0.0001,true,0,0,0.1,0.5
0131,true,true,Union,Linear,ConjugateGradientDescent,Adaptive,false,true,Convolution,false,true,3,300,12,12,0,0,NMI,64,false,5,2.5,0,1,0,0.005,true,0,0,0.1,0.5
0132,true,true,Union,Linear,ConjugateGradientDescent,Adaptive,false,true,Convolution,false,true,3,300,12,12,0,0,NMI,64,false,5,2.5,0,1,0,0.001,true,0,0,0.1,0.5
0133,true,true,Union,Linear,ConjugateGradientDescent,Adaptive,false,true,Convolution,false,true,3,300,12,12,0,0,NMI,64,false,5,2.5,0,1,0,0.005,true,0,0,0.1,0.5
0134,true,true,Union,Linear,ConjugateGradientDescent,Adaptive,false,true,Convolution,false,true,3,300,12,12,0,0,NMI,64,false,5,2.5,0,1,0,0.01,true,0,0,0.1,0.5
0135,true,true,Union,Linear,ConjugateGradientDescent,Adaptive,false,true,Convolution,false,true,3,300,12,12,0,0,NMI,64,false,5,2.5,0,1,0,0.05,true,0,0,0.1,0.5
0136,true,true,Union,Linear,ConjugateGradientDescent,Adaptive,false,true,Convolution,false,true,3,300,12,12,0,0,NMI,64,false,5,2.5,0,1,0,0.1,true,0,0,0.1,0.5
0137,true,true,Union,Linear,ConjugateGradientDescent,Adaptive,false,true,Convolution,false,true,3,300,12,12,0,0,NMI,64,false,5,2.5,0,1,0,0.5,true,0,0,0.1,0.5
0138,true,true,Union,Linear,ConjugateGradientDescent,Adaptive,false,true,Convolution,false,true,3,300,12,12,0,0,NMI,64,false,5,2.5,0,1,0,1,true,0,0,0.1,0.5
0139,true,true,Union,Linear,ConjugateGradientDescent,Adaptive,false,true,Convolution,false,true,3,300,12,12,0,0,NMI,64,false,5,2.5,0,1,0.0001,0,true,0,0,0.1,0.5
0140,true,true,Union,Linear,ConjugateGradientDescent,Adaptive,false,true,Convolution,false,true,3,300,12,12,0,0,NMI,64,false,5,2.5,0,1,0.0001,0.0001,true,0,0,0.1,0.5
0141,true,true,Union,Linear,ConjugateGradientDescent,Adaptive,false,true,Convolution,false,true,3,300,12,12,0,0,NMI,64,false,5,2.5,0,1,0.0001,0.005,true,0,0,0.1,0.5
0142,true,true,Union,Linear,ConjugateGradientDescent,Adaptive,false,true,Convolution,false,true,3,300,12,12,0,0,NMI,64,false,5,2.5,0,1,0.0001,0.001,true,0,0,0.1,0.5
0143,true,true,Union,Linear,ConjugateGradientDescent,Adaptive,false,true,Convolution,false,true,3,300,12,12,0,0,NMI,64,false,5,2.5,0,1,0.0001,0.005,true,0,0,0.1,0.5
0144,true,true,Union,Linear,ConjugateGradientDescent,Adaptive,false,true,Convolution,false,true,3,300,12,12,0,0,NMI,64,false,5,2.5,0,1,0.0001,0.01,true,0,0,0.1,0.5
0145,true,true,Union,Linear,ConjugateGradientDescent,Adaptive,false,true,Convolution,false,true,3,300,12,12,0,0,NMI,64,false,5,2.5,0,1,0.0001,0.05,true,0,0,0.1,0.5
0146,true,true,Union,Linear,ConjugateGradientDescent,Adaptive,false,true,Convolution,false,true,3,300,12,12,0,0,NMI,64,false,5,2.5,0,1,0.0001,0.1,true,0,0,0.1,0.5
0147,true,true,Union,Linear,ConjugateGradientDescent,Adaptive,false,true,Convolution,false,true,3,300,12,12,0,0,NMI,64,false,5,2.5,0,1,0.0001,0.5,true,0,0,0.1,0.5
0148,true,true,Union,Linear,ConjugateGradientDescent,Adaptive,false,true,Convolution,false,true,3,300,12,12,0,0,NMI,64,false,5,2.5,0,1,0.0001,1,true,0,0,0.1,0.5
0149,true,true,Union,Linear,ConjugateGradientDescent,Adaptive,false,true,Convolution,false,true,3,300,12,12,0,0,NMI,64,false,5,2.5,0,1,0.005,0,true,0,0,0.1,0.5
0150,true,true,Union,Linear,ConjugateGradientDescent,Adaptive,false,true,Convolution,false,true,3,300,12,12,0,0,NMI,64,false,5,2.5,0,1,0.005,0.0001,true,0,0,0.1,0.5
0151,true,true,Union,Linear,ConjugateGradientDescent,Adaptive,false,true,Convolution,false,true,3,300,12,12,0,0,NMI,64,false,5,2.5,0,1,0.005,0.005,true,0,0,0.1,0.5
0152,true,true,Union,Linear,ConjugateGradientDescent,Adaptive,false,true,Convolution,false,true,3,300,12,12,0,0,NMI,64,false,5,2.5,0,1,0.005,0.001,true,0,0,0.1,0.5
0153,true,true,Union,Linear,ConjugateGradientDescent,Adaptive,false,true,Convolution,false,true,3,300,12,12,0,0,NMI,64,false,5,2.5,0,1,0.005,0.005,true,0,0,0.1,0.5
0154,true,true,Union,Linear,ConjugateGradientDescent,Adaptive,false,true,Convolution,false,true,3,300,12,12,0,0,NMI,64,false,5,2.5,0,1,0.005,0.01,true,0,0,0.1,0.5
0155,true,true,Union,Linear,ConjugateGradientDescent,Adaptive,false,true,Convolution,false,true,3,300,12,12,0,0,NMI,64,false,5,2.5,0,1,0.005,0.05,true,0,0,0.1,0.5
0156,true,true,Union,Linear,ConjugateGradientDescent,Adaptive,false,true,Convolution,false,true,3,300,12,12,0,0,NMI,64,false,5,2.5,0,1,0.005,0.1,true,0,0,0.1,0.5
0157,true,true,Union,Linear,ConjugateGradientDescent,Adaptive,false,true,Convolution,false,true,3,300,12,12,0,0,NMI,64,false,5,2.5,0,1,0.005,0.5,true,0,0,0.1,0.5
0158,true,true,Union,Linear,ConjugateGradientDescent,Adaptive,false,true,Convolution,false,true,3,300,12,12,0,0,NMI,64,false,5,2.5,0,1,0.005,1,true,0,0,0.1,0.5
0159,true,true,Union,Linear,ConjugateGradientDescent,Adaptive,false,true,Convolution,false,true,3,300,12,12,0,0,NMI,64,false,5,2.5,0,1,0.001,0,true,0,0,0.1,0.5
0160,true,true,Union,Linear,ConjugateGradientDescent,Adaptive,false,true,Convolution,false,true,3,300,12,12,0,0,NMI,64,false,5,2.5,0,1,0.001,0.0001,true,0,0,0.1,0.5
0161,true,true,Union,Linear,ConjugateGradientDescent,Adaptive,false,true,Convolution,false,true,3,300,12,12,0,0,NMI,64,false,5,2.5,0,1,0.001,0.005,true,0,0,0.1,0.5
0162,true,true,Union,Linear,ConjugateGradientDescent,Adaptive,false,true,Convolution,false,true,3,300,12,12,0,0,NMI,64,false,5,2.5,0,1,0.001,0.001,true,0,0,0.1,0.5
0163,true,true,Union,Linear,ConjugateGradientDescent,Adaptive,false,true,Convolution,false,true,3,300,12,12,0,0,NMI,64,false,5,2.5,0,1,0.001,0.005,true,0,0,0.1,0.5
0164,true,true,Union,Linear,ConjugateGradientDescent,Adaptive,false,true,Convolution,false,true,3,300,12,12,0,0,NMI,64,false,5,2.5,0,1,0.001,0.01,true,0,0,0.1,0.5
0165,true,true,Union,Linear,ConjugateGradientDescent,Adaptive,false,true,Convolution,false,true,3,300,12,12,0,0,NMI,64,false,5,2.5,0,1,0.001,0.05,true,0,0,0.1,0.5
0166,true,true,Union,Linear,ConjugateGradientDescent,Adaptive,false,true,Convolution,false,true,3,300,12,12,0,0,NMI,64,false,5,2.5,0,1,0.001,0.1,true,0,0,0.1,0.5
0167,true,true,Union,Linear,ConjugateGradientDescent,Adaptive,false,true,Convolution,false,true,3,300,12,12,0,0,NMI,64,false,5,2.5,0,1,0.001,0.5,true,0,0,0.1,0.5
0168,true,true,Union,Linear,ConjugateGradientDescent,Adaptive,false,true,Convolution,false,true,3,300,12,12,0,0,NMI,64,false,5,2.5,0,1,0.001,1,true,0,0,0.1,0.5
0169,true,true,Union,Linear,ConjugateGradientDescent,Adaptive,false,true,Convolution,false,true,3,300,12,12,0,0,NMI,64,false,5,2.5,0,1,0.005,0,true,0,0,0.1,0.5
0170,true,true,Union,Linear,ConjugateGradientDescent,Adaptive,false,true,Convolution,false,true,3,300,12,12,0,0,NMI,64,false,5,2.5,0,1,0.005,0.0001,true,0,0,0.1,0.5
0171,true,true,Union,Linear,ConjugateGradientDescent,Adaptive,false,true,Convolution,false,true,3,300,12,12,0,0,NMI,64,false,5,2.5,0,1,0.005,0.005,true,0,0,0.1,0.5
0172,true,true,Union,Linear,ConjugateGradientDescent,Adaptive,false,true,Convolution,false,true,3,300,12,12,0,0,NMI,64,false,5,2.5,0,1,0.005,0.001,true,0,0,0.1,0.5
0173,true,true,Union,Linear,ConjugateGradientDescent,Adaptive,false,true,Convolution,false,true,3,300,12,12,0,0,NMI,64,false,5,2.5,0,1,0.005,0.005,true,0,0,0.1,0.5
0174,true,true,Union,Linear,ConjugateGradientDescent,Adaptive,false,true,Convolution,false,true,3,300,12,12,0,0,NMI,64,false,5,2.5,0,1,0.005,0.01,true,0,0,0.1,0.5
0175,true,true,Union,Linear,ConjugateGradientDescent,Adaptive,false,true,Convolution,false,true,3,300,12,12,0,0,NMI,64,false,5,2.5,0,1,0.005,0.05,true,0,0,0.1,0.5
0176,true,true,Union,Linear,ConjugateGradientDescent,Adaptive,false,true,Convolution,false,true,3,300,12,12,0,0,NMI,64,false,5,2.5,0,1,0.005,0.1,true,0,0,0.1,0.5
0177,true,true,Union,Linear,ConjugateGradientDescent,Adaptive,false,true,Convolution,false,true,3,300,12,12,0,0,NMI,64,false,5,2.5,0,1,0.005,0.5,true,0,0,0.1,0.5
0178,true,true,Union,Linear,ConjugateGradientDescent,Adaptive,false,true,Convolution,false,true,3,300,12,12,0,0,NMI,64,false,5,2.5,0,1,0.005,1,true,0,0,0.1,0.5
0179,true,true,Union,Linear,ConjugateGradientDescent,Adaptive,false,true,Convolution,false,true,3,300,12,12,0,0,NMI,64,false,5,2.5,0,1,0.01,0,true,0,0,0.1,0.5
0180,true,true,Union,Linear,ConjugateGradientDescent,Adaptive,false,true,Convolution,false,true,3,300,12,12,0,0,NMI,64,false,5,2.5,0,1,0.01,0.0001,true,0,0,0.1,0.5
0181,true,true,Union,Linear,ConjugateGradientDescent,Adaptive,false,true,Convolution,false,true,3,300,12,12,0,0,NMI,64,false,5,2.5,0,1,0.01,0.005,true,0,0,0.1,0.5
0182,true,true,Union,Linear,ConjugateGradientDescent,Adaptive,false,true,Convolution,false,true,3,300,12,12,0,0,NMI,64,false,5,2.5,0,1,0.01,0.001,true,0,0,0.1,0.5
0183,true,true,Union,Linear,ConjugateGradientDescent,Adaptive,false,true,Convolution,false,true,3,300,12,12,0,0,NMI,64,false,5,2.5,0,1,0.01,0.005,true,0,0,0.1,0.5
0184,true,true,Union,Linear,ConjugateGradientDescent,Adaptive,false,true,Convolution,false,true,3,300,12,12,0,0,NMI,64,false,5,2.5,0,1,0.01,0.01,true,0,0,0.1,0.5
0185,true,true,Union,Linear,ConjugateGradientDescent,Adaptive,false,true,Convolution,false,true,3,300,12,12,0,0,NMI,64,false,5,2.5,0,1,0.01,0.05,true,0,0,0.1,0.5
0186,true,true,Union,Linear,ConjugateGradientDescent,Adaptive,false,true,Convolution,false,true,3,300,12,12,0,0,NMI,64,false,5,2.5,0,1,0.01,0.1,true,0,0,0.1,0.5
0187,true,true,Union,Linear,ConjugateGradientDescent,Adaptive,false,true,Convolution,false,true,3,300,12,12,0,0,NMI,64,false,5,2.5,0,1,0.01,0.5,true,0,0,0.1,0.5
0188,true,true,Union,Linear,ConjugateGradientDescent,Adaptive,false,true,Convolution,false,true,3,300,12,12,0,0,NMI,64,false,5,2.5,0,1,0.01,1,true,0,0,0.1,0.5
0189,true,true,Union,Linear,ConjugateGradientDescent,Adaptive,false,true,Convolution,false,true,3,300,12,12,0,0,NMI,64,false,5,2.5,0,1,0.05,0,true,0,0,0.1,0.5
0190,true,true,Union,Linear,ConjugateGradientDescent,Adaptive,false,true,Convolution,false,true,3,300,12,12,0,0,NMI,64,false,5,2.5,0,1,0.05,0.0001,true,0,0,0.1,0.5
0191,true,true,Union,Linear,ConjugateGradientDescent,Adaptive,false,true,Convolution,false,true,3,300,12,12,0,0,NMI,64,false,5,2.5,0,1,0.05,0.005,true,0,0,0.1,0.5
0192,true,true,Union,Linear,ConjugateGradientDescent,Adaptive,false,true,Convolution,false,true,3,300,12,12,0,0,NMI,64,false,5,2.5,0,1,0.05,0.001,true,0,0,0.1,0.5
0193,true,true,Union,Linear,ConjugateGradientDescent,Adaptive,false,true,Convolution,false,true,3,300,12,12,0,0,NMI,64,false,5,2.5,0,1,0.05,0.005,true,0,0,0.1,0.5
0194,true,true,Union,Linear,ConjugateGradientDescent,Adaptive,false,true,Convolution,false,true,3,300,12,12,0,0,NMI,64,false,5,2.5,0,1,0.05,0.01,true,0,0,0.1,0.5
0195,true,true,Union,Linear,ConjugateGradientDescent,Adaptive,false,true,Convolution,false,true,3,300,12,12,0,0,NMI,64,false,5,2.5,0,1,0.05,0.05,true,0,0,0.1,0.5
0196,true,true,Union,Linear,ConjugateGradientDescent,Adaptive,false,true,Convolution,false,true,3,300,12,12,0,0,NMI,64,false,5,2.5,0,1,0.05,0.1,true,0,0,0.1,0.5
0197,true,true,Union,Linear,ConjugateGradientDescent,Adaptive,false,true,Convolution,false,true,3,300,12,12,0,0,NMI,64,false,5,2.5,0,1,0.05,0.5,true,0,0,0.1,0.5
0198,true,true,Union,Linear,ConjugateGradientDescent,Adaptive,false,true,Convolution,false,true,3,300,12,12,0,0,NMI,64,false,5,2.5,0,1,0.05,1,true,0,0,0.1,0.5
0199,true,true,Union,Linear,ConjugateGradientDescent,Adaptive,false,true,Convolution,false,true,3,300,12,12,0,0,NMI,64,false,5,2.5,0,1,0.1,0,true,0,0,0.1,0.5
0200,true,true,Union,Linear,ConjugateGradientDescent,Adaptive,false,true,Convolution,false,true,3,300,12,12,0,0,NMI,64,false,5,2.5,0,1,0.1,0.0001,true,0,0,0.1,0.5
0201,true,true,Union,Linear,ConjugateGradientDescent,Adaptive,false,true,Convolution,false,true,3,300,12,12,0,0,NMI,64,false,5,2.5,0,1,0.1,0.005,true,0,0,0.1,0.5
0202,true,true,Union,Linear,ConjugateGradientDescent,Adaptive,false,true,Convolution,false,true,3,300,12,12,0,0,NMI,64,false,5,2.5,0,1,0.1,0.001,true,0,0,0.1,0.5
0203,true,true,Union,Linear,ConjugateGradientDescent,Adaptive,false,true,Convolution,false,true,3,300,12,12,0,0,NMI,64,false,5,2.5,0,1,0.1,0.005,true,0,0,0.1,0.5
0204,true,true,Union,Linear,ConjugateGradientDescent,Adaptive,false,true,Convolution,false,true,3,300,12,12,0,0,NMI,64,false,5,2.5,0,1,0.1,0.01,true,0,0,0.1,0.5
0205,true,true,Union,Linear,ConjugateGradientDescent,Adaptive,false,true,Convolution,false,true,3,300,12,12,0,0,NMI,64,false,5,2.5,0,1,0.1,0.05,true,0,0,0.1,0.5
0206,true,true,Union,Linear,ConjugateGradientDescent,Adaptive,false,true,Convolution,false,true,3,300,12,12,0,0,NMI,64,false,5,2.5,0,1,0.1,0.1,true,0,0,0.1,0.5
0207,true,true,Union,Linear,ConjugateGradientDescent,Adaptive,false,true,Convolution,false,true,3,300,12,12,0,0,NMI,64,false,5,2.5,0,1,0.1,0.5,true,0,0,0.1,0.5
0208,true,true,Union,Linear,ConjugateGradientDescent,Adaptive,false,true,Convolution,false,true,3,300,12,12,0,0,NMI,64,false,5,2.5,0,1,0.1,1,true,0,0,0.1,0.5
0209,true,true,Union,Linear,ConjugateGradientDescent,Adaptive,false,true,Convolution,false,true,3,300,12,12,0,0,NMI,64,false,5,2.5,0,1,0.5,0,true,0,0,0.1,0.5
0210,true,true,Union,Linear,ConjugateGradientDescent,Adaptive,false,true,Convolution,false,true,3,300,12,12,0,0,NMI,64,false,5,2.5,0,1,0.5,0.0001,true,0,0,0.1,0.5
0211,true,true,Union,Linear,ConjugateGradientDescent,Adaptive,false,true,Convolution,false,true,3,300,12,12,0,0,NMI,64,false,5,2.5,0,1,0.5,0.005,true,0,0,0.1,0.5
0212,true,true,Union,Linear,ConjugateGradientDescent,Adaptive,false,true,Convolution,false,true,3,300,12,12,0,0,NMI,64,false,5,2.5,0,1,0.5,0.001,true,0,0,0.1,0.5
0213,true,true,Union,Linear,ConjugateGradientDescent,Adaptive,false,true,Convolution,false,true,3,300,12,12,0,0,NMI,64,false,5,2.5,0,1,0.5,0.005,true,0,0,0.1,0.5
0214,true,true,Union,Linear,ConjugateGradientDescent,Adaptive,false,true,Convolution,false,true,3,300,12,12,0,0,NMI,64,false,5,2.5,0,1,0.5,0.01,true,0,0,0.1,0.5
0215,true,true,Union,Linear,ConjugateGradientDescent,Adaptive,false,true,Convolution,false,true,3,300,12,12,0,0,NMI,64,false,5,2.5,0,1,0.5,0.05,true,0,0,0.1,0.5
0216,true,true,Union,Linear,ConjugateGradientDescent,Adaptive,false,true,Convolution,false,true,3,300,12,12,0,0,NMI,64,false,5,2.5,0,1,0.5,0.1,true,0,0,0.1,0.5
0217,true,true,Union,Linear,ConjugateGradientDescent,Adaptive,false,true,Convolution,false,true,3,300,12,12,0,0,NMI,64,false,5,2.5,0,1,0.5,0.5,true,0,0,0.1,0.5
0218,true,true,Union,Linear,ConjugateGradientDescent,Adaptive,false,true,Convolution,false,true,3,300,12,12,0,0,NMI,64,false,5,2.5,0,1,0.5,1,true,0,0,0.1,0.5
0219,true,true,Union,Linear,ConjugateGradientDescent,Adaptive,false,true,Convolution,false,true,3,300,12,12,0,0,NMI,64,false,5,2.5,0,1,1,0,true,0,0,0.1,0.5
0220,true,true,Union,Linear,ConjugateGradientDescent,Adaptive,false,true,Convolution,false,true,3,300,12,12,0,0,NMI,64,false,5,2.5,0,1,1,0.0001,true,0,0,0.1,0.5
0221,true,true,Union,Linear,ConjugateGradientDescent,Adaptive,false,true,Convolution,false,true,3,300,12,12,0,0,NMI,64,false,5,2.5,0,1,1,0.005,true,0,0,0.1,0.5
0222,true,true,Union,Linear,ConjugateGradientDescent,Adaptive,false,true,Convolution,false,true,3,300,12,12,0,0,NMI,64,false,5,2.5,0,1,1,0.001,true,0,0,0.1,0.5
0223,true,true,Union,Linear,ConjugateGradientDescent,Adaptive,false,true,Convolution,false,true,3,300,12,12,0,0,NMI,64,false,5,2.5,0,1,1,0.005,true,0,0,0.1,0.5
0224,true,true,Union,Linear,ConjugateGradientDescent,Adaptive,false,true,Convolution,false,true,3,300,12,12,0,0,NMI,64,false,5,2.5,0,1,1,0.01,true,0,0,0.1,0.5
0225,true,true,Union,Linear,ConjugateGradientDescent,Adaptive,false,true,Convolution,false,true,3,300,12,12,0,0,NMI,64,false,5,2.5,0,1,1,0.05,true,0,0,0.1,0.5
0226,true,true,Union,Linear,ConjugateGradientDescent,Adaptive,false,true,Convolution,false,true,3,300,12,12,0,0,NMI,64,false,5,2.5,0,1,1,0.1,true,0,0,0.1,0.5
0227,true,true,Union,Linear,ConjugateGradientDescent,Adaptive,false,true,Convolution,false,true,3,300,12,12,0,0,NMI,64,false,5,2.5,0,1,1,0.5,true,0,0,0.1,0.5
0228,true,true,Union,Linear,ConjugateGradientDescent,Adaptive,false,true,Convolution,false,true,3,300,12,12,0,0,NMI,64,false,5,2.5,0,1,1,1,true,0,0,0.1,0.5
0229,true,true,Union,Linear,ConjugateGradientDescent,Adaptive,false,true,DMFFD,false,true,3,300,12,12,0,0,NMI,64,false,5,2.5,0,1,0,0.0001,true,0,0,0.1,0.5
0230,true,true,Union,Linear,ConjugateGradientDescent,Adaptive,false,true,DMFFD,false,true,3,300,12,12,0,0,NMI,64,false,5,2.5,0,1,0,0.005,true,0,0,0.1,0.5
0231,true,true,Union,Linear,ConjugateGradientDescent,Adaptive,false,true,DMFFD,false,true,3,300,12,12,0,0,NMI,64,false,5,2.5,0,1,0,0.001,true,0,0,0.1,0.5
0232,true,true,Union,Linear,ConjugateGradientDescent,Adaptive,false,true,DMFFD,false,true,3,300,12,12,0,0,NMI,64,false,5,2.5,0,1,0,0.005,true,0,0,0.1,0.5
0233,true,true,Union,Linear,ConjugateGradientDescent,Adaptive,false,true,DMFFD,false,true,3,300,12,12,0,0,NMI,64,false,5,2.5,0,1,0,0.01,true,0,0,0.1,0.5
0234,true,true,Union,Linear,ConjugateGradientDescent,Adaptive,false,true,DMFFD,false,true,3,300,12,12,0,0,NMI,64,false,5,2.5,0,1,0,0.05,true,0,0,0.1,0.5
0235,true,true,Union,Linear,ConjugateGradientDescent,Adaptive,false,true,DMFFD,false,true,3,300,12,12,0,0,NMI,64,false,5,2.5,0,1,0,0.1,true,0,0,0.1,0.5
0236,true,true,Union,Linear,ConjugateGradientDescent,Adaptive,false,true,DMFFD,false,true,3,300,12,12,0,0,NMI,64,false,5,2.5,0,1,0,0.5,true,0,0,0.1,0.5
0237,true,true,Union,Linear,ConjugateGradientDescent,Adaptive,false,true,DMFFD,false,true,3,300,12,12,0,0,NMI,64,false,5,2.5,0,1,0,1,true,0,0,0.1,0.5
0238,true,true,Union,Linear,ConjugateGradientDescent,Adaptive,false,true,DMFFD,false,true,3,300,12,12,0,0,NMI,64,false,5,2.5,0,1,0.0001,0,true,0,0,0.1,0.5
0239,true,true,Union,Linear,ConjugateGradientDescent,Adaptive,false,true,DMFFD,false,true,3,300,12,12,0,0,NMI,64,false,5,2.5,0,1,0.0001,0.0001,true,0,0,0.1,0.5
0240,true,true,Union,Linear,ConjugateGradientDescent,Adaptive,false,true,DMFFD,false,true,3,300,12,12,0,0,NMI,64,false,5,2.5,0,1,0.0001,0.005,true,0,0,0.1,0.5
0241,true,true,Union,Linear,ConjugateGradientDescent,Adaptive,false,true,DMFFD,false,true,3,300,12,12,0,0,NMI,64,false,5,2.5,0,1,0.0001,0.001,true,0,0,0.1,0.5
0242,true,true,Union,Linear,ConjugateGradientDescent,Adaptive,false,true,DMFFD,false,true,3,300,12,12,0,0,NMI,64,false,5,2.5,0,1,0.0001,0.005,true,0,0,0.1,0.5
0243,true,true,Union,Linear,ConjugateGradientDescent,Adaptive,false,true,DMFFD,false,true,3,300,12,12,0,0,NMI,64,false,5,2.5,0,1,0.0001,0.01,true,0,0,0.1,0.5
0244,true,true,Union,Linear,ConjugateGradientDescent,Adaptive,false,true,DMFFD,false,true,3,300,12,12,0,0,NMI,64,false,5,2.5,0,1,0.0001,0.05,true,0,0,0.1,0.5
0245,true,true,Union,Linear,ConjugateGradientDescent,Adaptive,false,true,DMFFD,false,true,3,300,12,12,0,0,NMI,64,false,5,2.5,0,1,0.0001,0.1,true,0,0,0.1,0.5
0246,true,true,Union,Linear,ConjugateGradientDescent,Adaptive,false,true,DMFFD,false,true,3,300,12,12,0,0,NMI,64,false,5,2.5,0,1,0.0001,0.5,true,0,0,0.1,0.5
0247,true,true,Union,Linear,ConjugateGradientDescent,Adaptive,false,true,DMFFD,false,true,3,300,12,12,0,0,NMI,64,false,5,2.5,0,1,0.0001,1,true,0,0,0.1,0.5
0248,true,true,Union,Linear,ConjugateGradientDescent,Adaptive,false,true,DMFFD,false,true,3,300,12,12,0,0,NMI,64,false,5,2.5,0,1,0.005,0,true,0,0,0.1,0.5
0249,true,true,Union,Linear,ConjugateGradientDescent,Adaptive,false,true,DMFFD,false,true,3,300,12,12,0,0,NMI,64,false,5,2.5,0,1,0.005,0.0001,true,0,0,0.1,0.5
0250,true,true,Union,Linear,ConjugateGradientDescent,Adaptive,false,true,DMFFD,false,true,3,300,12,12,0,0,NMI,64,false,5,2.5,0,1,0.005,0.005,true,0,0,0.1,0.5
0251,true,true,Union,Linear,ConjugateGradientDescent,Adaptive,false,true,DMFFD,false,true,3,300,12,12,0,0,NMI,64,false,5,2.5,0,1,0.005,0.001,true,0,0,0.1,0.5
0252,true,true,Union,Linear,ConjugateGradientDescent,Adaptive,false,true,DMFFD,false,true,3,300,12,12,0,0,NMI,64,false,5,2.5,0,1,0.005,0.005,true,0,0,0.1,0.5
0253,true,true,Union,Linear,ConjugateGradientDescent,Adaptive,false,true,DMFFD,false,true,3,300,12,12,0,0,NMI,64,false,5,2.5,0,1,0.005,0.01,true,0,0,0.1,0.5
0254,true,true,Union,Linear,ConjugateGradientDescent,Adaptive,false,true,DMFFD,false,true,3,300,12,12,0,0,NMI,64,false,5,2.5,0,1,0.005,0.05,true,0,0,0.1,0.5
0255,true,true,Union,Linear,ConjugateGradientDescent,Adaptive,false,true,DMFFD,false,true,3,300,12,12,0,0,NMI,64,false,5,2.5,0,1,0.005,0.1,true,0,0,0.1,0.5
0256,true,true,Union,Linear,ConjugateGradientDescent,Adaptive,false,true,DMFFD,false,true,3,300,12,12,0,0,NMI,64,false,5,2.5,0,1,0.005,0.5,true,0,0,0.1,0.5
0257,true,true,Union,Linear,ConjugateGradientDescent,Adaptive,false,true,DMFFD,false,true,3,300,12,12,0,0,NMI,64,false,5,2.5,0,1,0.005,1,true,0,0,0.1,0.5
0258,true,true,Union,Linear,ConjugateGradientDescent,Adaptive,false,true,DMFFD,false,true,3,300,12,12,0,0,NMI,64,false,5,2.5,0,1,0.001,0,true,0,0,0.1,0.5
0259,true,true,Union,Linear,ConjugateGradientDescent,Adaptive,false,true,DMFFD,false,true,3,300,12,12,0,0,NMI,64,false,5,2.5,0,1,0.001,0.0001,true,0,0,0.1,0.5
0260,true,true,Union,Linear,ConjugateGradientDescent,Adaptive,false,true,DMFFD,false,true,3,300,12,12,0,0,NMI,64,false,5,2.5,0,1,0.001,0.005,true,0,0,0.1,0.5
0261,true,true,Union,Linear,ConjugateGradientDescent,Adaptive,false,true,DMFFD,false,true,3,300,12,12,0,0,NMI,64,false,5,2.5,0,1,0.001,0.001,true,0,0,0.1,0.5
0262,true,true,Union,Linear,ConjugateGradientDescent,Adaptive,false,true,DMFFD,false,true,3,300,12,12,0,0,NMI,64,false,5,2.5,0,1,0.001,0.005,true,0,0,0.1,0.5
0263,true,true,Union,Linear,ConjugateGradientDescent,Adaptive,false,true,DMFFD,false,true,3,300,12,12,0,0,NMI,64,false,5,2.5,0,1,0.001,0.01,true,0,0,0.1,0.5
0264,true,true,Union,Linear,ConjugateGradientDescent,Adaptive,false,true,DMFFD,false,true,3,300,12,12,0,0,NMI,64,false,5,2.5,0,1,0.001,0.05,true,0,0,0.1,0.5
0265,true,true,Union,Linear,ConjugateGradientDescent,Adaptive,false,true,DMFFD,false,true,3,300,12,12,0,0,NMI,64,false,5,2.5,0,1,0.001,0.1,true,0,0,0.1,0.5
0266,true,true,Union,Linear,ConjugateGradientDescent,Adaptive,false,true,DMFFD,false,true,3,300,12,12,0,0,NMI,64,false,5,2.5,0,1,0.001,0.5,true,0,0,0.1,0.5
0267,true,true,Union,Linear,ConjugateGradientDescent,Adaptive,false,true,DMFFD,false,true,3,300,12,12,0,0,NMI,64,false,5,2.5,0,1,0.001,1,true,0,0,0.1,0.5
0268,true,true,Union,Linear,ConjugateGradientDescent,Adaptive,false,true,DMFFD,false,true,3,300,12,12,0,0,NMI,64,false,5,2.5,0,1,0.005,0,true,0,0,0.1,0.5
0269,true,true,Union,Linear,ConjugateGradientDescent,Adaptive,false,true,DMFFD,false,true,3,300,12,12,0,0,NMI,64,false,5,2.5,0,1,0.005,0.0001,true,0,0,0.1,0.5
0270,true,true,Union,Linear,ConjugateGradientDescent,Adaptive,false,true,DMFFD,false,true,3,300,12,12,0,0,NMI,64,false,5,2.5,0,1,0.005,0.005,true,0,0,0.1,0.5
0271,true,true,Union,Linear,ConjugateGradientDescent,Adaptive,false,true,DMFFD,false,true,3,300,12,12,0,0,NMI,64,false,5,2.5,0,1,0.005,0.001,true,0,0,0.1,0.5
0272,true,true,Union,Linear,ConjugateGradientDescent,Adaptive,false,true,DMFFD,false,true,3,300,12,12,0,0,NMI,64,false,5,2.5,0,1,0.005,0.005,true,0,0,0.1,0.5
0273,true,true,Union,Linear,ConjugateGradientDescent,Adaptive,false,true,DMFFD,false,true,3,300,12,12,0,0,NMI,64,false,5,2.5,0,1,0.005,0.01,true,0,0,0.1,0.5
0274,true,true,Union,Linear,ConjugateGradientDescent,Adaptive,false,true,DMFFD,false,true,3,300,12,12,0,0,NMI,64,false,5,2.5,0,1,0.005,0.05,true,0,0,0.1,0.5
0275,true,true,Union,Linear,ConjugateGradientDescent,Adaptive,false,true,DMFFD,false,true,3,300,12,12,0,0,NMI,64,false,5,2.5,0,1,0.005,0.1,true,0,0,0.1,0.5
0276,true,true,Union,Linear,ConjugateGradientDescent,Adaptive,false,true,DMFFD,false,true,3,300,12,12,0,0,NMI,64,false,5,2.5,0,1,0.005,0.5,true,0,0,0.1,0.5
0277,true,true,Union,Linear,ConjugateGradientDescent,Adaptive,false,true,DMFFD,false,true,3,300,12,12,0,0,NMI,64,false,5,2.5,0,1,0.005,1,true,0,0,0.1,0.5
0278,true,true,Union,Linear,ConjugateGradientDescent,Adaptive,false,true,DMFFD,false,true,3,300,12,12,0,0,NMI,64,false,5,2.5,0,1,0.01,0,true,0,0,0.1,0.5
0279,true,true,Union,Linear,ConjugateGradientDescent,Adaptive,false,true,DMFFD,false,true,3,300,12,12,0,0,NMI,64,false,5,2.5,0,1,0.01,0.0001,true,0,0,0.1,0.5
0280,true,true,Union,Linear,ConjugateGradientDescent,Adaptive,false,true,DMFFD,false,true,3,300,12,12,0,0,NMI,64,false,5,2.5,0,1,0.01,0.005,true,0,0,0.1,0.5
0281,true,true,Union,Linear,ConjugateGradientDescent,Adaptive,false,true,DMFFD,false,true,3,300,12,12,0,0,NMI,64,false,5,2.5,0,1,0.01,0.001,true,0,0,0.1,0.5
0282,true,true,Union,Linear,ConjugateGradientDescent,Adaptive,false,true,DMFFD,false,true,3,300,12,12,0,0,NMI,64,false,5,2.5,0,1,0.01,0.005,true,0,0,0.1,0.5
0283,true,true,Union,Linear,ConjugateGradientDescent,Adaptive,false,true,DMFFD,false,true,3,300,12,12,0,0,NMI,64,false,5,2.5,0,1,0.01,0.01,true,0,0,0.1,0.5
0284,true,true,Union,Linear,ConjugateGradientDescent,Adaptive,false,true,DMFFD,false,true,3,300,12,12,0,0,NMI,64,false,5,2.5,0,1,0.01,0.05,true,0,0,0.1,0.5
0285,true,true,Union,Linear,ConjugateGradientDescent,Adaptive,false,true,DMFFD,false,true,3,300,12,12,0,0,NMI,64,false,5,2.5,0,1,0.01,0.1,true,0,0,0.1,0.5
0286,true,true,Union,Linear,ConjugateGradientDescent,Adaptive,false,true,DMFFD,false,true,3,300,12,12,0,0,NMI,64,false,5,2.5,0,1,0.01,0.5,true,0,0,0.1,0.5
0287,true,true,Union,Linear,ConjugateGradientDescent,Adaptive,false,true,DMFFD,false,true,3,300,12,12,0,0,NMI,64,false,5,2.5,0,1,0.01,1,true,0,0,0.1,0.5
0288,true,true,Union,Linear,ConjugateGradientDescent,Adaptive,false,true,DMFFD,false,true,3,300,12,12,0,0,NMI,64,false,5,2.5,0,1,0.05,0,true,0,0,0.1,0.5
0289,true,true,Union,Linear,ConjugateGradientDescent,Adaptive,false,true,DMFFD,false,true,3,300,12,12,0,0,NMI,64,false,5,2.5,0,1,0.05,0.0001,true,0,0,0.1,0.5
0290,true,true,Union,Linear,ConjugateGradientDescent,Adaptive,false,true,DMFFD,false,true,3,300,12,12,0,0,NMI,64,false,5,2.5,0,1,0.05,0.005,true,0,0,0.1,0.5
0291,true,true,Union,Linear,ConjugateGradientDescent,Adaptive,false,true,DMFFD,false,true,3,300,12,12,0,0,NMI,64,false,5,2.5,0,1,0.05,0.001,true,0,0,0.1,0.5
0292,true,true,Union,Linear,ConjugateGradientDescent,Adaptive,false,true,DMFFD,false,true,3,300,12,12,0,0,NMI,64,false,5,2.5,0,1,0.05,0.005,true,0,0,0.1,0.5
0293,true,true,Union,Linear,ConjugateGradientDescent,Adaptive,false,true,DMFFD,false,true,3,300,12,12,0,0,NMI,64,false,5,2.5,0,1,0.05,0.01,true,0,0,0.1,0.5
0294,true,true,Union,Linear,ConjugateGradientDescent,Adaptive,false,true,DMFFD,false,true,3,300,12,12,0,0,NMI,64,false,5,2.5,0,1,0.05,0.05,true,0,0,0.1,0.5
0295,true,true,Union,Linear,ConjugateGradientDescent,Adaptive,false,true,DMFFD,false,true,3,300,12,12,0,0,NMI,64,false,5,2.5,0,1,0.05,0.1,true,0,0,0.1,0.5
0296,true,true,Union,Linear,ConjugateGradientDescent,Adaptive,false,true,DMFFD,false,true,3,300,12,12,0,0,NMI,64,false,5,2.5,0,1,0.05,0.5,true,0,0,0.1,0.5
0297,true,true,Union,Linear,ConjugateGradientDescent,Adaptive,false,true,DMFFD,false,true,3,300,12,12,0,0,NMI,64,false,5,2.5,0,1,0.05,1,true,0,0,0.1,0.5
0298,true,true,Union,Linear,ConjugateGradientDescent,Adaptive,false,true,DMFFD,false,true,3,300,12,12,0,0,NMI,64,false,5,2.5,0,1,0.1,0,true,0,0,0.1,0.5
0299,true,true,Union,Linear,ConjugateGradientDescent,Adaptive,false,true,DMFFD,false,true,3,300,12,12,0,0,NMI,64,false,5,2.5,0,1,0.1,0.0001,true,0,0,0.1,0.5
0300,true,true,Union,Linear,ConjugateGradientDescent,Adaptive,false,true,DMFFD,false,true,3,300,12,12,0,0,NMI,64,false,5,2.5,0,1,0.1,0.005,true,0,0,0.1,0.5
0301,true,true,Union,Linear,ConjugateGradientDescent,Adaptive,false,true,DMFFD,false,true,3,300,12,12,0,0,NMI,64,false,5,2.5,0,1,0.1,0.001,true,0,0,0.1,0.5
0302,true,true,Union,Linear,ConjugateGradientDescent,Adaptive,false,true,DMFFD,false,true,3,300,12,12,0,0,NMI,64,false,5,2.5,0,1,0.1,0.005,true,0,0,0.1,0.5
0303,true,true,Union,Linear,ConjugateGradientDescent,Adaptive,false,true,DMFFD,false,true,3,300,12,12,0,0,NMI,64,false,5,2.5,0,1,0.1,0.01,true,0,0,0.1,0.5
0304,true,true,Union,Linear,ConjugateGradientDescent,Adaptive,false,true,DMFFD,false,true,3,300,12,12,0,0,NMI,64,false,5,2.5,0,1,0.1,0.05,true,0,0,0.1,0.5
0305,true,true,Union,Linear,ConjugateGradientDescent,Adaptive,false,true,DMFFD,false,true,3,300,12,12,0,0,NMI,64,false,5,2.5,0,1,0.1,0.1,true,0,0,0.1,0.5
0306,true,true,Union,Linear,ConjugateGradientDescent,Adaptive,false,true,DMFFD,false,true,3,300,12,12,0,0,NMI,64,false,5,2.5,0,1,0.1,0.5,true,0,0,0.1,0.5
0307,true,true,Union,Linear,ConjugateGradientDescent,Adaptive,false,true,DMFFD,false,true,3,300,12,12,0,0,NMI,64,false,5,2.5,0,1,0.1,1,true,0,0,0.1,0.5
0308,true,true,Union,Linear,ConjugateGradientDescent,Adaptive,false,true,DMFFD,false,true,3,300,12,12,0,0,NMI,64,false,5,2.5,0,1,0.5,0,true,0,0,0.1,0.5
0309,true,true,Union,Linear,ConjugateGradientDescent,Adaptive,false,true,DMFFD,false,true,3,300,12,12,0,0,NMI,64,false,5,2.5,0,1,0.5,0.0001,true,0,0,0.1,0.5
0310,true,true,Union,Linear,ConjugateGradientDescent,Adaptive,false,true,DMFFD,false,true,3,300,12,12,0,0,NMI,64,false,5,2.5,0,1,0.5,0.005,true,0,0,0.1,0.5
0311,true,true,Union,Linear,ConjugateGradientDescent,Adaptive,false,true,DMFFD,false,true,3,300,12,12,0,0,NMI,64,false,5,2.5,0,1,0.5,0.001,true,0,0,0.1,0.5
0312,true,true,Union,Linear,ConjugateGradientDescent,Adaptive,false,true,DMFFD,false,true,3,300,12,12,0,0,NMI,64,false,5,2.5,0,1,0.5,0.005,true,0,0,0.1,0.5
0313,true,true,Union,Linear,ConjugateGradientDescent,Adaptive,false,true,DMFFD,false,true,3,300,12,12,0,0,NMI,64,false,5,2.5,0,1,0.5,0.01,true,0,0,0.1,0.5
0314,true,true,Union,Linear,ConjugateGradientDescent,Adaptive,false,true,DMFFD,false,true,3,300,12,12,0,0,NMI,64,false,5,2.5,0,1,0.5,0.05,true,0,0,0.1,0.5
0315,true,true,Union,Linear,ConjugateGradientDescent,Adaptive,false,true,DMFFD,false,true,3,300,12,12,0,0,NMI,64,false,5,2.5,0,1,0.5,0.1,true,0,0,0.1,0.5
0316,true,true,Union,Linear,ConjugateGradientDescent,Adaptive,false,true,DMFFD,false,true,3,300,12,12,0,0,NMI,64,false,5,2.5,0,1,0.5,0.5,true,0,0,0.1,0.5
0317,true,true,Union,Linear,ConjugateGradientDescent,Adaptive,false,true,DMFFD,false,true,3,300,12,12,0,0,NMI,64,false,5,2.5,0,1,0.5,1,true,0,0,0.1,0.5
0318,true,true,Union,Linear,ConjugateGradientDescent,Adaptive,false,true,DMFFD,false,true,3,300,12,12,0,0,NMI,64,false,5,2.5,0,1,1,0,true,0,0,0.1,0.5
0319,true,true,Union,Linear,ConjugateGradientDescent,Adaptive,false,true,DMFFD,false,true,3,300,12,12,0,0,NMI,64,false,5,2.5,0,1,1,0.0001,true,0,0,0.1,0.5
0320,true,true,Union,Linear,ConjugateGradientDescent,Adaptive,false,true,DMFFD,false,true,3,300,12,12,0,0,NMI,64,false,5,2.5,0,1,1,0.005,true,0,0,0.1,0.5
0321,true,true,Union,Linear,ConjugateGradientDescent,Adaptive,false,true,DMFFD,false,true,3,300,12,12,0,0,NMI,64,false,5,2.5,0,1,1,0.001,true,0,0,0.1,0.5
0322,true,true,Union,Linear,ConjugateGradientDescent,Adaptive,false,true,DMFFD,false,true,3,300,12,12,0,0,NMI,64,false,5,2.5,0,1,1,0.005,true,0,0,0.1,0.5
0323,true,true,Union,Linear,ConjugateGradientDescent,Adaptive,false,true,DMFFD,false,true,3,300,12,12,0,0,NMI,64,false,5,2.5,0,1,1,0.01,true,0,0,0.1,0.5
0324,true,true,Union,Linear,ConjugateGradientDescent,Adaptive,false,true,DMFFD,false,true,3,300,12,12,0,0,NMI,64,false,5,2.5,0,1,1,0.05,true,0,0,0.1,0.5
0325,true,true,Union,Linear,ConjugateGradientDescent,Adaptive,false,true,DMFFD,false,true,3,300,12,12,0,0,NMI,64,false,5,2.5,0,1,1,0.1,true,0,0,0.1,0.5
0326,true,true,Union,Linear,ConjugateGradientDescent,Adaptive,false,true,DMFFD,false,true,3,300,12,12,0,0,NMI,64,false,5,2.5,0,1,1,0.5,true,0,0,0.1,0.5
0327,true,true,Union,Linear,ConjugateGradientDescent,Adaptive,false,true,DMFFD,false,true,3,300,12,12,0,0,NMI,64,false,5,2.5,0,1,1,1,true,0,0,0.1,0.5
0328,true,true,Union,Linear,ConjugateGradientDescent,Adaptive,false,true,Analytic,false,true,3,300,12,12,0,0,NMI,64,false,5,2.5,0,0,1,1,true,0,0.0001,0.1,0.5
0329,true,true,Union,Linear,ConjugateGradientDescent,Adaptive,false,true,Analytic,false,true,3,300,12,12,0,0,NMI,64,false,5,2.5,0,0,1,1,true,0,0.005,0.1,0.5
0330,true,true,Union,Linear,ConjugateGradientDescent,Adaptive,false,true,Analytic,false,true,3,300,12,12,0,0,NMI,64,false,5,2.5,0,0,1,1,true,0,0.001,0.1,0.5
0331,true,true,Union,Linear,ConjugateGradientDescent,Adaptive,false,true,Analytic,false,true,3,300,12,12,0,0,NMI,64,false,5,2.5,0,0,1,1,true,0,0.005,0.1,0.5
0332,true,true,Union,Linear,ConjugateGradientDescent,Adaptive,false,true,Analytic,false,true,3,300,12,12,0,0,NMI,64,false,5,2.5,0,0,1,1,true,0,0.01,0.1,0.5
0333,true,true,Union,Linear,ConjugateGradientDescent,Adaptive,false,true,Analytic,false,true,3,300,12,12,0,0,NMI,64,false,5,2.5,0,0,1,1,true,0,0.05,0.1,0.5
0334,true,true,Union,Linear,ConjugateGradientDescent,Adaptive,false,true,Analytic,false,true,3,300,12,12,0,0,NMI,64,false,5,2.5,0,0,1,1,true,0,0.1,0.1,0.5
0335,true,true,Union,Linear,ConjugateGradientDescent,Adaptive,false,true,Analytic,false,true,3,300,12,12,0,0,NMI,64,false,5,2.5,0,0,1,1,true,0,0.5,0.1,0.5
0336,true,true,Union,Linear,ConjugateGradientDescent,Adaptive,false,true,Analytic,false,true,3,300,12,12,0,0,NMI,64,false,5,2.5,0,0,1,1,true,0,1,0.1,0.5
0337,true,true,Union,Linear,ConjugateGradientDescent,Adaptive,false,true,Convolution,false,true,3,300,12,12,0,0,NMI,64,false,5,2.5,0,0,1,1,true,0,0.0001,0.1,0.5
0338,true,true,Union,Linear,ConjugateGradientDescent,Adaptive,false,true,Convolution,false,true,3,300,12,12,0,0,NMI,64,false,5,2.5,0,0,1,1,true,0,0.005,0.1,0.5
0339,true,true,Union,Linear,ConjugateGradientDescent,Adaptive,false,true,Convolution,false,true,3,300,12,12,0,0,NMI,64,false,5,2.5,0,0,1,1,true,0,0.001,0.1,0.5
0340,true,true,Union,Linear,ConjugateGradientDescent,Adaptive,false,true,Convolution,false,true,3,300,12,12,0,0,NMI,64,false,5,2.5,0,0,1,1,true,0,0.005,0.1,0.5
0341,true,true,Union,Linear,ConjugateGradientDescent,Adaptive,false,true,Convolution,false,true,3,300,12,12,0,0,NMI,64,false,5,2.5,0,0,1,1,true,0,0.01,0.1,0.5
0342,true,true,Union,Linear,ConjugateGradientDescent,Adaptive,false,true,Convolution,false,true,3,300,12,12,0,0,NMI,64,false,5,2.5,0,0,1,1,true,0,0.05,0.1,0.5
0343,true,true,Union,Linear,ConjugateGradientDescent,Adaptive,false,true,Convolution,false,true,3,300,12,12,0,0,NMI,64,false,5,2.5,0,0,1,1,true,0,0.1,0.1,0.5
0344,true,true,Union,Linear,ConjugateGradientDescent,Adaptive,false,true,Convolution,false,true,3,300,12,12,0,0,NMI,64,false,5,2.5,0,0,1,1,true,0,0.5,0.1,0.5
0345,true,true,Union,Linear,ConjugateGradientDescent,Adaptive,false,true,Convolution,false,true,3,300,12,12,0,0,NMI,64,false,5,2.5,0,0,1,1,true,0,1,0.1,0.5
0346,true,true,Union,Linear,ConjugateGradientDescent,Adaptive,false,true,DMFFD,false,true,3,300,12,12,0,0,NMI,64,false,5,2.5,0,0,1,1,true,0,0.0001,0.1,0.5
0347,true,true,Union,Linear,ConjugateGradientDescent,Adaptive,false,true,DMFFD,false,true,3,300,12,12,0,0,NMI,64,false,5,2.5,0,0,1,1,true,0,0.005,0.1,0.5
0348,true,true,Union,Linear,ConjugateGradientDescent,Adaptive,false,true,DMFFD,false,true,3,300,12,12,0,0,NMI,64,false,5,2.5,0,0,1,1,true,0,0.001,0.1,0.5
0349,true,true,Union,Linear,ConjugateGradientDescent,Adaptive,false,true,DMFFD,false,true,3,300,12,12,0,0,NMI,64,false,5,2.5,0,0,1,1,true,0,0.005,0.1,0.5
0350,true,true,Union,Linear,ConjugateGradientDescent,Adaptive,false,true,DMFFD,false,true,3,300,12,12,0,0,NMI,64,false,5,2.5,0,0,1,1,true,0,0.01,0.1,0.5
0351,true,true,Union,Linear,ConjugateGradientDescent,Adaptive,false,true,DMFFD,false,true,3,300,12,12,0,0,NMI,64,false,5,2.5,0,0,1,1,true,0,0.05,0.1,0.5
0352,true,true,Union,Linear,ConjugateGradientDescent,Adaptive,false,true,DMFFD,false,true,3,300,12,12,0,0,NMI,64,false,5,2.5,0,0,1,1,true,0,0.1,0.1,0.5
0353,true,true,Union,Linear,ConjugateGradientDescent,Adaptive,false,true,DMFFD,false,true,3,300,12,12,0,0,NMI,64,false,5,2.5,0,0,1,1,true,0,0.5,0.1,0.5
0354,true,true,Union,Linear,ConjugateGradientDescent,Adaptive,false,true,DMFFD,false,true,3,300,12,12,0,0,NMI,64,false,5,2.5,0,0,1,1,true,0,1,0.1,0.5
0355,true,true,Union,Linear,ConjugateGradientDescent,Adaptive,false,true,Analytic,false,true,3,300,12,12,0,0,NMI,64,false,5,2.5,0,0,1,1,true,0.0001,0,0.1,0.5
0356,true,true,Union,Linear,ConjugateGradientDescent,Adaptive,false,true,Analytic,false,true,3,300,12,12,0,0,NMI,64,false,5,2.5,0,0,1,1,true,0.005,0,0.1,0.5
0357,true,true,Union,Linear,ConjugateGradientDescent,Adaptive,false,true,Analytic,false,true,3,300,12,12,0,0,NMI,64,false,5,2.5,0,0,1,1,true,0.001,0,0.1,0.5
0358,true,true,Union,Linear,ConjugateGradientDescent,Adaptive,false,true,Analytic,false,true,3,300,12,12,0,0,NMI,64,false,5,2.5,0,0,1,1,true,0.005,0,0.1,0.5
0359,true,true,Union,Linear,ConjugateGradientDescent,Adaptive,false,true,Analytic,false,true,3,300,12,12,0,0,NMI,64,false,5,2.5,0,0,1,1,true,0.01,0,0.1,0.5
0360,true,true,Union,Linear,ConjugateGradientDescent,Adaptive,false,true,Analytic,false,true,3,300,12,12,0,0,NMI,64,false,5,2.5,0,0,1,1,true,0.05,0,0.1,0.5
0361,true,true,Union,Linear,ConjugateGradientDescent,Adaptive,false,true,Analytic,false,true,3,300,12,12,0,0,NMI,64,false,5,2.5,0,0,1,1,true,0.1,0,0.1,0.5
0362,true,true,Union,Linear,ConjugateGradientDescent,Adaptive,false,true,Analytic,false,true,3,300,12,12,0,0,NMI,64,false,5,2.5,0,0,1,1,true,0.5,0,0.1,0.5
0363,true,true,Union,Linear,ConjugateGradientDescent,Adaptive,false,true,Analytic,false,true,3,300,12,12,0,0,NMI,64,false,5,2.5,0,0,1,1,true,1,0,0.1,0.5
0364,true,true,Union,Linear,ConjugateGradientDescent,Adaptive,false,true,Convolution,false,true,3,300,12,12,0,0,NMI,64,false,5,2.5,0,0,1,1,true,0.0001,0,0.1,0.5
0365,true,true,Union,Linear,ConjugateGradientDescent,Adaptive,false,true,Convolution,false,true,3,300,12,12,0,0,NMI,64,false,5,2.5,0,0,1,1,true,0.005,0,0.1,0.5
0366,true,true,Union,Linear,ConjugateGradientDescent,Adaptive,false,true,Convolution,false,true,3,300,12,12,0,0,NMI,64,false,5,2.5,0,0,1,1,true,0.001,0,0.1,0.5
0367,true,true,Union,Linear,ConjugateGradientDescent,Adaptive,false,true,Convolution,false,true,3,300,12,12,0,0,NMI,64,false,5,2.5,0,0,1,1,true,0.005,0,0.1,0.5
0368,true,true,Union,Linear,ConjugateGradientDescent,Adaptive,false,true,Convolution,false,true,3,300,12,12,0,0,NMI,64,false,5,2.5,0,0,1,1,true,0.01,0,0.1,0.5
0369,true,true,Union,Linear,ConjugateGradientDescent,Adaptive,false,true,Convolution,false,true,3,300,12,12,0,0,NMI,64,false,5,2.5,0,0,1,1,true,0.05,0,0.1,0.5
0370,true,true,Union,Linear,ConjugateGradientDescent,Adaptive,false,true,Convolution,false,true,3,300,12,12,0,0,NMI,64,false,5,2.5,0,0,1,1,true,0.1,0,0.1,0.5
0371,true,true,Union,Linear,ConjugateGradientDescent,Adaptive,false,true,Convolution,false,true,3,300,12,12,0,0,NMI,64,false,5,2.5,0,0,1,1,true,0.5,0,0.1,0.5
0372,true,true,Union,Linear,ConjugateGradientDescent,Adaptive,false,true,Convolution,false,true,3,300,12,12,0,0,NMI,64,false,5,2.5,0,0,1,1,true,1,0,0.1,0.5
0373,true,true,Union,Linear,ConjugateGradientDescent,Adaptive,false,true,DMFFD,false,true,3,300,12,12,0,0,NMI,64,false,5,2.5,0,0,1,1,true,0.0001,0,0.1,0.5
0374,true,true,Union,Linear,ConjugateGradientDescent,Adaptive,false,true,DMFFD,false,true,3,300,12,12,0,0,NMI,64,false,5,2.5,0,0,1,1,true,0.005,0,0.1,0.5
0375,true,true,Union,Linear,ConjugateGradientDescent,Adaptive,false,true,DMFFD,false,true,3,300,12,12,0,0,NMI,64,false,5,2.5,0,0,1,1,true,0.001,0,0.1,0.5
0376,true,true,Union,Linear,ConjugateGradientDescent,Adaptive,false,true,DMFFD,false,true,3,300,12,12,0,0,NMI,64,false,5,2.5,0,0,1,1,true,0.005,0,0.1,0.5
0377,true,true,Union,Linear,ConjugateGradientDescent,Adaptive,false,true,DMFFD,false,true,3,300,12,12,0,0,NMI,64,false,5,2.5,0,0,1,1,true,0.01,0,0.1,0.5
0378,true,true,Union,Linear,ConjugateGradientDescent,Adaptive,false,true,DMFFD,false,true,3,300,12,12,0,0,NMI,64,false,5,2.5,0,0,1,1,true,0.05,0,0.1,0.5
0379,true,true,Union,Linear,ConjugateGradientDescent,Adaptive,false,true,DMFFD,false,true,3,300,12,12,0,0,NMI,64,false,5,2.5,0,0,1,1,true,0.1,0,0.1,0.5
0380,true,true,Union,Linear,ConjugateGradientDescent,Adaptive,false,true,DMFFD,false,true,3,300,12,12,0,0,NMI,64,false,5,2.5,0,0,1,1,true,0.5,0,0.1,0.5
0381,true,true,Union,Linear,ConjugateGradientDescent,Adaptive,false,true,DMFFD,false,true,3,300,12,12,0,0,NMI,64,false,5,2.5,0,0,1,1,true,1,0,0.1,0.5
