cfgid,usemsk,usepad,roi,interp,optim,linesearch,divini,srcgrd,ffdgrd,passdof,conjtot,levels,iters,steps,rejects,lastn,epsilon,sim,bins,padbins,window,ds,be,tp,vp,jaceps,gamma
0001,false,true,Union,Linear,ConjugateGradientDescent,Adaptive,false,true,Analytic,false,true,4,300,20,2,10,0.0001,NMI,64,false,5,2.5,0.0001,0,0,0.1,0.5
0002,false,true,Union,Linear,ConjugateGradientDescent,Adaptive,false,true,Analytic,false,true,4,300,20,2,10,0.0001,NMI,64,false,5,2.5,0.0005,0,0,0.1,0.5
0003,false,true,Union,Linear,ConjugateGradientDescent,Adaptive,false,true,Analytic,false,true,4,300,20,2,10,0.0001,NMI,64,false,5,2.5,0.001,0,0,0.1,0.5
0004,false,true,Union,Linear,ConjugateGradientDescent,Adaptive,false,true,Analytic,false,true,4,300,20,2,10,0.0001,NMI,64,false,5,2.5,0.002,0,0,0.1,0.5
0005,false,true,Union,Linear,ConjugateGradientDescent,Adaptive,false,true,Analytic,false,true,4,300,20,2,10,0.0001,NMI,64,false,5,2.5,0.003,0,0,0.1,0.5
0006,false,true,Union,Linear,ConjugateGradientDescent,Adaptive,false,true,Analytic,false,true,4,300,20,2,10,0.0001,NMI,64,false,5,2.5,0.004,0,0,0.1,0.5
0007,false,true,Union,Linear,ConjugateGradientDescent,Adaptive,false,true,Analytic,false,true,4,300,20,2,10,0.0001,NMI,64,false,5,2.5,0.005,0,0,0.1,0.5
0008,false,true,Union,Linear,ConjugateGradientDescent,Adaptive,false,true,Analytic,false,true,4,300,20,2,10,0.0001,NMI,64,false,5,2.5,0.006,0,0,0.1,0.5
0009,false,true,Union,Linear,ConjugateGradientDescent,Adaptive,false,true,Analytic,false,true,4,300,20,2,10,0.0001,NMI,64,false,5,2.5,0.007,0,0,0.1,0.5
0010,false,true,Union,Linear,ConjugateGradientDescent,Adaptive,false,true,Analytic,false,true,4,300,20,2,10,0.0001,NMI,64,false,5,2.5,0.008,0,0,0.1,0.5
0011,false,true,Union,Linear,ConjugateGradientDescent,Adaptive,false,true,Analytic,false,true,4,300,20,2,10,0.0001,NMI,64,false,5,2.5,0.009,0,0,0.1,0.5
0012,false,true,Union,Linear,ConjugateGradientDescent,Adaptive,false,true,Analytic,false,true,4,300,20,2,10,0.0001,NMI,64,false,5,2.5,0.01,0,0,0.1,0.5
0013,false,true,Union,Linear,ConjugateGradientDescent,Adaptive,false,true,Analytic,false,true,4,300,20,2,10,0.0001,NMI,64,false,5,2.5,0.05,0,0,0.1,0.5
0014,false,true,Union,Linear,ConjugateGradientDescent,Adaptive,false,true,Analytic,false,true,4,300,20,2,10,0.0001,NMI,64,false,5,2.5,0,0,0,0.1,0.5
0015,false,true,Union,Linear,ConjugateGradientDescent,Adaptive,false,true,Analytic,false,true,4,300,20,2,10,0.0001,NMI,64,false,5,2.5,0.00001,0,0,0.1,0.5
0016,false,true,Union,Linear,ConjugateGradientDescent,Adaptive,false,true,Analytic,false,false,4,100,20,2,10,0.0001,NMI,64,false,5,2.5,0,0,0,0.1,0.5
0017,false,true,Union,Linear,ConjugateGradientDescent,Adaptive,false,true,Analytic,false,false,4,100,20,2,10,0.0001,NMI,64,false,5,2.5,0.00001,0,0,0.1,0.5
0018,false,true,Union,Linear,ConjugateGradientDescent,Adaptive,false,true,Analytic,false,false,4,100,20,2,10,0.0001,NMI,64,false,5,2.5,0.0001,0,0,0.1,0.5
0019,false,true,Union,Linear,ConjugateGradientDescent,Adaptive,false,true,Analytic,false,false,4,100,20,2,10,0.0001,NMI,64,false,5,2.5,0.0005,0,0,0.1,0.5
0020,false,true,Union,Linear,ConjugateGradientDescent,Adaptive,false,true,Analytic,false,false,4,100,20,2,10,0.0001,NMI,64,false,5,2.5,0.001,0,0,0.1,0.5
0021,false,true,Union,Linear,ConjugateGradientDescent,Adaptive,false,true,Analytic,false,false,4,100,20,2,10,0.0001,NMI,64,false,5,2.5,0.005,0,0,0.1,0.5
0022,false,true,Union,Linear,ConjugateGradientDescent,Adaptive,false,true,Analytic,false,false,4,100,20,2,10,0.0001,NMI,64,false,5,2.5,0.01,0,0,0.1,0.5
0023,false,true,Union,Linear,ConjugateGradientDescent,Adaptive,false,true,Convolution,false,false,4,100,20,2,10,0.0001,NMI,64,false,5,2.5,0,0,0,0.1,0.5
0024,false,true,Union,Linear,ConjugateGradientDescent,Adaptive,false,true,Convolution,false,false,4,100,20,2,10,0.0001,NMI,64,false,5,2.5,0.00001,0,0,0.1,0.5
0025,false,true,Union,Linear,ConjugateGradientDescent,Adaptive,false,true,Convolution,false,false,4,100,20,2,10,0.0001,NMI,64,false,5,2.5,0.0001,0,0,0.1,0.5
0026,false,true,Union,Linear,ConjugateGradientDescent,Adaptive,false,true,Convolution,false,false,4,100,20,2,10,0.0001,NMI,64,false,5,2.5,0.0005,0,0,0.1,0.5
0027,false,true,Union,Linear,ConjugateGradientDescent,Adaptive,false,true,Convolution,false,false,4,100,20,2,10,0.0001,NMI,64,false,5,2.5,0.001,0,0,0.1,0.5
0028,false,true,Union,Linear,ConjugateGradientDescent,Adaptive,false,true,Convolution,false,false,4,100,20,2,10,0.0001,NMI,64,false,5,2.5,0.005,0,0,0.1,0.5
0029,false,true,Union,Linear,ConjugateGradientDescent,Adaptive,false,true,Convolution,false,false,4,100,20,2,10,0.0001,NMI,64,false,5,2.5,0.01,0,0,0.1,0.5
0030,false,true,Union,Linear,ConjugateGradientDescent,Adaptive,false,true,Analytic,false,true,4,100,20,2,10,0.0001,NMI,64,false,5,2.5,0,0,0,0.1,0.5
0031,false,true,Union,Linear,ConjugateGradientDescent,Adaptive,false,true,Analytic,false,true,4,100,20,2,10,0.0001,NMI,64,false,5,2.5,0.00001,0,0,0.1,0.5
0032,false,true,Union,Linear,ConjugateGradientDescent,Adaptive,false,true,Analytic,false,true,4,100,20,2,10,0.0001,NMI,64,false,5,2.5,0.0001,0,0,0.1,0.5
0033,false,true,Union,Linear,ConjugateGradientDescent,Adaptive,false,true,Analytic,false,true,4,100,20,2,10,0.0001,NMI,64,false,5,2.5,0.0005,0,0,0.1,0.5
0034,false,true,Union,Linear,ConjugateGradientDescent,Adaptive,false,true,Analytic,false,true,4,100,20,2,10,0.0001,NMI,64,false,5,2.5,0.001,0,0,0.1,0.5
0035,false,true,Union,Linear,ConjugateGradientDescent,Adaptive,false,true,Analytic,false,true,4,100,20,2,10,0.0001,NMI,64,false,5,2.5,0.005,0,0,0.1,0.5
0036,false,true,Union,Linear,ConjugateGradientDescent,Adaptive,false,true,Analytic,false,true,4,100,20,2,10,0.0001,NMI,64,false,5,2.5,0.01,0,0,0.1,0.5
0037,false,true,Union,Linear,ConjugateGradientDescent,Adaptive,false,true,Convolution,false,true,4,100,20,2,10,0.0001,NMI,64,false,5,2.5,0,0,0,0.1,0.5
0038,false,true,Union,Linear,ConjugateGradientDescent,Adaptive,false,true,Convolution,false,true,4,100,20,2,10,0.0001,NMI,64,false,5,2.5,0.00001,0,0,0.1,0.5
0039,false,true,Union,Linear,ConjugateGradientDescent,Adaptive,false,true,Convolution,false,true,4,100,20,2,10,0.0001,NMI,64,false,5,2.5,0.0001,0,0,0.1,0.5
0040,false,true,Union,Linear,ConjugateGradientDescent,Adaptive,false,true,Convolution,false,true,4,100,20,2,10,0.0001,NMI,64,false,5,2.5,0.0005,0,0,0.1,0.5
0041,false,true,Union,Linear,ConjugateGradientDescent,Adaptive,false,true,Convolution,false,true,4,100,20,2,10,0.0001,NMI,64,false,5,2.5,0.001,0,0,0.1,0.5
0042,false,true,Union,Linear,ConjugateGradientDescent,Adaptive,false,true,Convolution,false,true,4,100,20,2,10,0.0001,NMI,64,false,5,2.5,0.005,0,0,0.1,0.5
0043,false,true,Union,Linear,ConjugateGradientDescent,Adaptive,false,true,Convolution,false,true,4,100,20,2,10,0.0001,NMI,64,false,5,2.5,0.01,0,0,0.1,0.5
0044,false,true,Union,Linear,ConjugateGradientDescent,Adaptive,false,true,Analytic,true,false,4,100,20,2,10,0.0001,NMI,64,false,5,2.5,0,0,0,0.1,0.5
0045,false,true,Union,Linear,ConjugateGradientDescent,Adaptive,false,true,Analytic,true,false,4,100,20,2,10,0.0001,NMI,64,false,5,2.5,0.00001,0,0,0.1,0.5
0046,false,true,Union,Linear,ConjugateGradientDescent,Adaptive,false,true,Analytic,true,false,4,100,20,2,10,0.0001,NMI,64,false,5,2.5,0.0001,0,0,0.1,0.5
0047,false,true,Union,Linear,ConjugateGradientDescent,Adaptive,false,true,Analytic,true,false,4,100,20,2,10,0.0001,NMI,64,false,5,2.5,0.0005,0,0,0.1,0.5
0048,false,true,Union,Linear,ConjugateGradientDescent,Adaptive,false,true,Analytic,true,false,4,100,20,2,10,0.0001,NMI,64,false,5,2.5,0.001,0,0,0.1,0.5
0049,false,true,Union,Linear,ConjugateGradientDescent,Adaptive,false,true,Analytic,true,false,4,100,20,2,10,0.0001,NMI,64,false,5,2.5,0.005,0,0,0.1,0.5
0050,false,true,Union,Linear,ConjugateGradientDescent,Adaptive,false,true,Analytic,true,false,4,100,20,2,10,0.0001,NMI,64,false,5,2.5,0.01,0,0,0.1,0.5
0051,false,true,Union,Linear,ConjugateGradientDescent,Adaptive,false,true,Convolution,true,false,4,100,20,2,10,0.0001,NMI,64,false,5,2.5,0,0,0,0.1,0.5
0052,false,true,Union,Linear,ConjugateGradientDescent,Adaptive,false,true,Convolution,true,false,4,100,20,2,10,0.0001,NMI,64,false,5,2.5,0.00001,0,0,0.1,0.5
0053,false,true,Union,Linear,ConjugateGradientDescent,Adaptive,false,true,Convolution,true,false,4,100,20,2,10,0.0001,NMI,64,false,5,2.5,0.0001,0,0,0.1,0.5
0054,false,true,Union,Linear,ConjugateGradientDescent,Adaptive,false,true,Convolution,true,false,4,100,20,2,10,0.0001,NMI,64,false,5,2.5,0.0005,0,0,0.1,0.5
0055,false,true,Union,Linear,ConjugateGradientDescent,Adaptive,false,true,Convolution,true,false,4,100,20,2,10,0.0001,NMI,64,false,5,2.5,0.001,0,0,0.1,0.5
0056,false,true,Union,Linear,ConjugateGradientDescent,Adaptive,false,true,Convolution,true,false,4,100,20,2,10,0.0001,NMI,64,false,5,2.5,0.005,0,0,0.1,0.5
0057,false,true,Union,Linear,ConjugateGradientDescent,Adaptive,false,true,Convolution,true,false,4,100,20,2,10,0.0001,NMI,64,false,5,2.5,0.01,0,0,0.1,0.5
0058,false,true,Union,Linear,ConjugateGradientDescent,Adaptive,false,true,Analytic,true,true,4,100,20,2,10,0.0001,NMI,64,false,5,2.5,0,0,0,0.1,0.5
0059,false,true,Union,Linear,ConjugateGradientDescent,Adaptive,false,true,Analytic,true,true,4,100,20,2,10,0.0001,NMI,64,false,5,2.5,0.00001,0,0,0.1,0.5
0060,false,true,Union,Linear,ConjugateGradientDescent,Adaptive,false,true,Analytic,true,true,4,100,20,2,10,0.0001,NMI,64,false,5,2.5,0.0001,0,0,0.1,0.5
0061,false,true,Union,Linear,ConjugateGradientDescent,Adaptive,false,true,Analytic,true,true,4,100,20,2,10,0.0001,NMI,64,false,5,2.5,0.0005,0,0,0.1,0.5
0062,false,true,Union,Linear,ConjugateGradientDescent,Adaptive,false,true,Analytic,true,true,4,100,20,2,10,0.0001,NMI,64,false,5,2.5,0.001,0,0,0.1,0.5
0063,false,true,Union,Linear,ConjugateGradientDescent,Adaptive,false,true,Analytic,true,true,4,100,20,2,10,0.0001,NMI,64,false,5,2.5,0.005,0,0,0.1,0.5
0064,false,true,Union,Linear,ConjugateGradientDescent,Adaptive,false,true,Analytic,true,true,4,100,20,2,10,0.0001,NMI,64,false,5,2.5,0.01,0,0,0.1,0.5
0065,false,true,Union,Linear,ConjugateGradientDescent,Adaptive,false,true,Convolution,true,true,4,100,20,2,10,0.0001,NMI,64,false,5,2.5,0,0,0,0.1,0.5
0066,false,true,Union,Linear,ConjugateGradientDescent,Adaptive,false,true,Convolution,true,true,4,100,20,2,10,0.0001,NMI,64,false,5,2.5,0.00001,0,0,0.1,0.5
0067,false,true,Union,Linear,ConjugateGradientDescent,Adaptive,false,true,Convolution,true,true,4,100,20,2,10,0.0001,NMI,64,false,5,2.5,0.0001,0,0,0.1,0.5
0068,false,true,Union,Linear,ConjugateGradientDescent,Adaptive,false,true,Convolution,true,true,4,100,20,2,10,0.0001,NMI,64,false,5,2.5,0.0005,0,0,0.1,0.5
0069,false,true,Union,Linear,ConjugateGradientDescent,Adaptive,false,true,Convolution,true,true,4,100,20,2,10,0.0001,NMI,64,false,5,2.5,0.001,0,0,0.1,0.5
0070,false,true,Union,Linear,ConjugateGradientDescent,Adaptive,false,true,Convolution,true,true,4,100,20,2,10,0.0001,NMI,64,false,5,2.5,0.005,0,0,0.1,0.5
0071,false,true,Union,Linear,ConjugateGradientDescent,Adaptive,false,true,Convolution,true,true,4,100,20,2,10,0.0001,NMI,64,false,5,2.5,0.01,0,0,0.1,0.5
0072,true,false,Overlap,Linear,ConjugateGradientDescent,Adaptive,false,false,Analytic,false,false,3,100,12,12,0,0,NMI,64,true,5,2.5,0.0001,0,0,0.1,0.5
0073,true,false,Overlap,Linear,ConjugateGradientDescent,Adaptive,false,false,Analytic,false,false,3,100,12,12,0,0,NMI,64,true,5,2.5,0.0005,0,0,0.1,0.5
0074,true,false,Overlap,Linear,ConjugateGradientDescent,Adaptive,false,false,Analytic,false,false,3,100,12,12,0,0,NMI,64,true,5,2.5,0.001,0,0,0.1,0.5
0075,true,false,Overlap,Linear,ConjugateGradientDescent,Adaptive,false,false,Convolution,false,false,3,100,12,12,0,0,NMI,64,true,5,2.5,0.0001,0,0,0.1,0.5
0076,true,false,Overlap,Linear,ConjugateGradientDescent,Adaptive,false,false,Convolution,false,false,3,100,12,12,0,0,NMI,64,true,5,2.5,0.0005,0,0,0.1,0.5
0077,true,false,Overlap,Linear,ConjugateGradientDescent,Adaptive,false,false,Convolution,false,false,3,100,12,12,0,0,NMI,64,true,5,2.5,0.001,0,0,0.1,0.5
0078,true,false,Overlap,Linear,ConjugateGradientDescent,Adaptive,false,false,Analytic,false,true,3,100,12,12,0,0,NMI,64,true,5,2.5,0.0001,0,0,0.1,0.5
0079,true,false,Overlap,Linear,ConjugateGradientDescent,Adaptive,false,false,Analytic,false,true,3,100,12,12,0,0,NMI,64,true,5,2.5,0.0005,0,0,0.1,0.5
0080,true,false,Overlap,Linear,ConjugateGradientDescent,Adaptive,false,false,Analytic,false,true,3,100,12,12,0,0,NMI,64,true,5,2.5,0.001,0,0,0.1,0.5
0081,true,false,Overlap,Linear,ConjugateGradientDescent,Adaptive,false,false,Convolution,false,true,3,100,12,12,0,0,NMI,64,true,5,2.5,0.0001,0,0,0.1,0.5
0082,true,false,Overlap,Linear,ConjugateGradientDescent,Adaptive,false,false,Convolution,false,true,3,100,12,12,0,0,NMI,64,true,5,2.5,0.0005,0,0,0.1,0.5
0083,true,false,Overlap,Linear,ConjugateGradientDescent,Adaptive,false,false,Convolution,false,true,3,100,12,12,0,0,NMI,64,true,5,2.5,0.001,0,0,0.1,0.5
0084,true,false,Overlap,Linear,ConjugateGradientDescent,Adaptive,false,false,Analytic,true,false,3,100,12,12,0,0,NMI,64,true,5,2.5,0.0001,0,0,0.1,0.5
0085,true,false,Overlap,Linear,ConjugateGradientDescent,Adaptive,false,false,Analytic,true,false,3,100,12,12,0,0,NMI,64,true,5,2.5,0.0005,0,0,0.1,0.5
0086,true,false,Overlap,Linear,ConjugateGradientDescent,Adaptive,false,false,Analytic,true,false,3,100,12,12,0,0,NMI,64,true,5,2.5,0.001,0,0,0.1,0.5
0087,true,false,Overlap,Linear,ConjugateGradientDescent,Adaptive,false,false,Convolution,true,false,3,100,12,12,0,0,NMI,64,true,5,2.5,0.0001,0,0,0.1,0.5
0088,true,false,Overlap,Linear,ConjugateGradientDescent,Adaptive,false,false,Convolution,true,false,3,100,12,12,0,0,NMI,64,true,5,2.5,0.0005,0,0,0.1,0.5
0089,true,false,Overlap,Linear,ConjugateGradientDescent,Adaptive,false,false,Convolution,true,false,3,100,12,12,0,0,NMI,64,true,5,2.5,0.001,0,0,0.1,0.5
0090,true,false,Overlap,Linear,ConjugateGradientDescent,Adaptive,false,false,Analytic,true,true,3,100,12,12,0,0,NMI,64,true,5,2.5,0.0001,0,0,0.1,0.5
0091,true,false,Overlap,Linear,ConjugateGradientDescent,Adaptive,false,false,Analytic,true,true,3,100,12,12,0,0,NMI,64,true,5,2.5,0.0005,0,0,0.1,0.5
0092,true,false,Overlap,Linear,ConjugateGradientDescent,Adaptive,false,false,Analytic,true,true,3,100,12,12,0,0,NMI,64,true,5,2.5,0.001,0,0,0.1,0.5
0093,true,false,Overlap,Linear,ConjugateGradientDescent,Adaptive,false,false,Convolution,true,true,3,100,12,12,0,0,NMI,64,true,5,2.5,0.0001,0,0,0.1,0.5
0094,true,false,Overlap,Linear,ConjugateGradientDescent,Adaptive,false,false,Convolution,true,true,3,100,12,12,0,0,NMI,64,true,5,2.5,0.0005,0,0,0.1,0.5
0095,true,false,Overlap,Linear,ConjugateGradientDescent,Adaptive,false,false,Convolution,true,true,3,100,12,12,0,0,NMI,64,true,5,2.5,0.001,0,0,0.1,0.5
0096,false,true,Union,Linear,ConjugateGradientDescent,Adaptive,false,true,DMFFD,false,true,4,100,20,2,10,0.0001,NMI,64,false,5,2.5,0,0,0,0.1,0.5
0097,false,true,Union,Linear,ConjugateGradientDescent,Adaptive,false,true,DMFFD,false,true,4,100,20,2,10,0.0001,NMI,64,false,5,2.5,0.00001,0,0,0.1,0.5
0098,false,true,Union,Linear,ConjugateGradientDescent,Adaptive,false,true,DMFFD,false,true,4,100,20,2,10,0.0001,NMI,64,false,5,2.5,0.0001,0,0,0.1,0.5
0099,false,true,Union,Linear,ConjugateGradientDescent,Adaptive,false,true,DMFFD,false,true,4,100,20,2,10,0.0001,NMI,64,false,5,2.5,0.0005,0,0,0.1,0.5
0100,false,true,Union,Linear,ConjugateGradientDescent,Adaptive,false,true,DMFFD,false,true,4,100,20,2,10,0.0001,NMI,64,false,5,2.5,0.001,0,0,0.1,0.5
0101,false,true,Union,Linear,ConjugateGradientDescent,Adaptive,false,true,DMFFD,false,true,4,100,20,2,10,0.0001,NMI,64,false,5,2.5,0.005,0,0,0.1,0.5
0102,false,true,Union,Linear,ConjugateGradientDescent,Adaptive,false,true,DMFFD,false,true,4,100,20,2,10,0.0001,NMI,64,false,5,2.5,0.01,0,0,0.1,0.5
0103,false,false,Domain,Linear,ConjugateGradientDescent,Adaptive,false,true,Analytic,false,true,4,100,20,2,10,0.0001,NMI,64,false,5,2.5,0.0001,0,0,0.1,0.5
0104,false,true,Overlap,Linear,ConjugateGradientDescent,Adaptive,false,true,Analytic,false,true,4,100,20,2,10,0.0001,NMI,64,false,5,2.5,0.0001,0,0,0.1,0.5
0105,false,true,Union,Linear,ConjugateGradientDescent,Adaptive,false,true,Analytic,false,true,4,100,20,2,10,0.0001,NMI,64,false,5,2.5,0.0001,0,0,0.1,0.5
0106,false,true,Target,Linear,ConjugateGradientDescent,Adaptive,false,true,Analytic,false,true,4,100,20,2,10,0.0001,NMI,64,false,5,2.5,0.0001,0,0,0.1,0.5
0107,false,true,Domain,Linear,ConjugateGradientDescent,Adaptive,false,true,Analytic,false,true,4,100,20,2,10,0.0001,NMI,64,false,5,2.5,0.0001,0,0,0.1,0.5
0108,true,false,Overlap,Linear,ConjugateGradientDescent,Adaptive,false,true,Analytic,false,true,4,100,20,2,10,0.0001,NMI,64,false,5,2.5,0.0001,0,0,0.1,0.5
0109,true,false,Union,Linear,ConjugateGradientDescent,Adaptive,false,true,Analytic,false,true,4,100,20,2,10,0.0001,NMI,64,false,5,2.5,0.0001,0,0,0.1,0.5
0110,true,false,Target,Linear,ConjugateGradientDescent,Adaptive,false,true,Analytic,false,true,4,100,20,2,10,0.0001,NMI,64,false,5,2.5,0.0001,0,0,0.1,0.5
0111,true,true,Overlap,Linear,ConjugateGradientDescent,Adaptive,false,true,Analytic,false,true,4,100,20,2,10,0.0001,NMI,64,false,5,2.5,0.0001,0,0,0.1,0.5
0112,true,true,Union,Linear,ConjugateGradientDescent,Adaptive,false,true,Analytic,false,true,4,100,20,2,10,0.0001,NMI,64,false,5,2.5,0.0001,0,0,0.1,0.5
0113,true,true,Target,Linear,ConjugateGradientDescent,Adaptive,false,true,Analytic,false,true,4,100,20,2,10,0.0001,NMI,64,false,5,2.5,0.0001,0,0,0.1,0.5
0114,false,false,Domain,Linear,ConjugateGradientDescent,Adaptive,false,true,Analytic,false,true,4,100,20,2,10,0.0001,NMI,64,false,5,2.5,0.0005,0,0,0.1,0.5
0115,false,true,Overlap,Linear,ConjugateGradientDescent,Adaptive,false,true,Analytic,false,true,4,100,20,2,10,0.0001,NMI,64,false,5,2.5,0.0005,0,0,0.1,0.5
0116,false,true,Union,Linear,ConjugateGradientDescent,Adaptive,false,true,Analytic,false,true,4,100,20,2,10,0.0001,NMI,64,false,5,2.5,0.0005,0,0,0.1,0.5
0117,false,true,Target,Linear,ConjugateGradientDescent,Adaptive,false,true,Analytic,false,true,4,100,20,2,10,0.0001,NMI,64,false,5,2.5,0.0005,0,0,0.1,0.5
0118,false,true,Domain,Linear,ConjugateGradientDescent,Adaptive,false,true,Analytic,false,true,4,100,20,2,10,0.0001,NMI,64,false,5,2.5,0.0005,0,0,0.1,0.5
0119,true,false,Overlap,Linear,ConjugateGradientDescent,Adaptive,false,true,Analytic,false,true,4,100,20,2,10,0.0001,NMI,64,false,5,2.5,0.0005,0,0,0.1,0.5
0120,true,false,Union,Linear,ConjugateGradientDescent,Adaptive,false,true,Analytic,false,true,4,100,20,2,10,0.0001,NMI,64,false,5,2.5,0.0005,0,0,0.1,0.5
0121,true,false,Target,Linear,ConjugateGradientDescent,Adaptive,false,true,Analytic,false,true,4,100,20,2,10,0.0001,NMI,64,false,5,2.5,0.0005,0,0,0.1,0.5
0122,true,true,Overlap,Linear,ConjugateGradientDescent,Adaptive,false,true,Analytic,false,true,4,100,20,2,10,0.0001,NMI,64,false,5,2.5,0.0005,0,0,0.1,0.5
0123,true,true,Union,Linear,ConjugateGradientDescent,Adaptive,false,true,Analytic,false,true,4,100,20,2,10,0.0001,NMI,64,false,5,2.5,0.0005,0,0,0.1,0.5
0124,true,true,Target,Linear,ConjugateGradientDescent,Adaptive,false,true,Analytic,false,true,4,100,20,2,10,0.0001,NMI,64,false,5,2.5,0.0005,0,0,0.1,0.5
0125,false,false,Domain,Linear,ConjugateGradientDescent,Adaptive,false,true,Analytic,false,true,4,100,20,2,10,0.0001,NMI,64,false,5,2.5,0.001,0,0,0.1,0.5
0126,false,true,Overlap,Linear,ConjugateGradientDescent,Adaptive,false,true,Analytic,false,true,4,100,20,2,10,0.0001,NMI,64,false,5,2.5,0.001,0,0,0.1,0.5
0127,false,true,Union,Linear,ConjugateGradientDescent,Adaptive,false,true,Analytic,false,true,4,100,20,2,10,0.0001,NMI,64,false,5,2.5,0.001,0,0,0.1,0.5
0128,false,true,Target,Linear,ConjugateGradientDescent,Adaptive,false,true,Analytic,false,true,4,100,20,2,10,0.0001,NMI,64,false,5,2.5,0.001,0,0,0.1,0.5
0129,false,true,Domain,Linear,ConjugateGradientDescent,Adaptive,false,true,Analytic,false,true,4,100,20,2,10,0.0001,NMI,64,false,5,2.5,0.001,0,0,0.1,0.5
0130,true,false,Overlap,Linear,ConjugateGradientDescent,Adaptive,false,true,Analytic,false,true,4,100,20,2,10,0.0001,NMI,64,false,5,2.5,0.001,0,0,0.1,0.5
0131,true,false,Union,Linear,ConjugateGradientDescent,Adaptive,false,true,Analytic,false,true,4,100,20,2,10,0.0001,NMI,64,false,5,2.5,0.001,0,0,0.1,0.5
0132,true,false,Target,Linear,ConjugateGradientDescent,Adaptive,false,true,Analytic,false,true,4,100,20,2,10,0.0001,NMI,64,false,5,2.5,0.001,0,0,0.1,0.5
0133,true,true,Overlap,Linear,ConjugateGradientDescent,Adaptive,false,true,Analytic,false,true,4,100,20,2,10,0.0001,NMI,64,false,5,2.5,0.001,0,0,0.1,0.5
0134,true,true,Union,Linear,ConjugateGradientDescent,Adaptive,false,true,Analytic,false,true,4,100,20,2,10,0.0001,NMI,64,false,5,2.5,0.001,0,0,0.1,0.5
0135,true,true,Target,Linear,ConjugateGradientDescent,Adaptive,false,true,Analytic,false,true,4,100,20,2,10,0.0001,NMI,64,false,5,2.5,0.001,0,0,0.1,0.5
0136,true,true,Union,Linear,ConjugateGradientDescent,Adaptive,false,true,Analytic,false,true,4,100,20,2,10,0.0001,NMI,64,false,5,2.5,0.0001,0.00001,0,0.0000001,0.3
0137,true,true,Union,Linear,ConjugateGradientDescent,Adaptive,false,true,Analytic,false,true,4,100,20,2,10,0.0001,NMI,64,false,5,2.5,0.0001,0.0001,0,0.0000001,0.3
0138,true,true,Union,Linear,ConjugateGradientDescent,Adaptive,false,true,Analytic,false,true,4,100,20,2,10,0.0001,NMI,64,false,5,2.5,0.0001,0.001,0,0.0000001,0.3
0139,true,true,Union,Linear,ConjugateGradientDescent,Adaptive,false,true,Analytic,false,true,4,100,20,2,10,0.0001,NMI,64,false,5,2.5,0.0001,0.01,0,0.0000001,0.3
0140,true,true,Union,Linear,ConjugateGradientDescent,Adaptive,false,true,Analytic,false,true,4,100,20,2,10,0.0001,NMI,64,false,5,2.5,0.0001,0.00001,0,0.001,0.3
0141,true,true,Union,Linear,ConjugateGradientDescent,Adaptive,false,true,Analytic,false,true,4,100,20,2,10,0.0001,NMI,64,false,5,2.5,0.0001,0.0001,0,0.001,0.3
0142,true,true,Union,Linear,ConjugateGradientDescent,Adaptive,false,true,Analytic,false,true,4,100,20,2,10,0.0001,NMI,64,false,5,2.5,0.0001,0.001,0,0.001,0.3
0143,true,true,Union,Linear,ConjugateGradientDescent,Adaptive,false,true,Analytic,false,true,4,100,20,2,10,0.0001,NMI,64,false,5,2.5,0.0001,0.01,0,0.001,0.3
0144,true,true,Union,Linear,ConjugateGradientDescent,Adaptive,false,true,Analytic,false,true,4,100,20,2,10,0.0001,NMI,64,false,5,2.5,0.0001,0.00001,0,0.01,0.3
0145,true,true,Union,Linear,ConjugateGradientDescent,Adaptive,false,true,Analytic,false,true,4,100,20,2,10,0.0001,NMI,64,false,5,2.5,0.0001,0.0001,0,0.01,0.3
0146,true,true,Union,Linear,ConjugateGradientDescent,Adaptive,false,true,Analytic,false,true,4,100,20,2,10,0.0001,NMI,64,false,5,2.5,0.0001,0.001,0,0.01,0.3
0147,true,true,Union,Linear,ConjugateGradientDescent,Adaptive,false,true,Analytic,false,true,4,100,20,2,10,0.0001,NMI,64,false,5,2.5,0.0001,0.01,0,0.01,0.3
0148,true,true,Union,Linear,ConjugateGradientDescent,Adaptive,false,true,Analytic,false,true,4,100,20,2,10,0.0001,NMI,64,false,5,2.5,0.0001,0.00001,0,0.1,0.3
0149,true,true,Union,Linear,ConjugateGradientDescent,Adaptive,false,true,Analytic,false,true,4,100,20,2,10,0.0001,NMI,64,false,5,2.5,0.0001,0.0001,0,0.1,0.3
0150,true,true,Union,Linear,ConjugateGradientDescent,Adaptive,false,true,Analytic,false,true,4,100,20,2,10,0.0001,NMI,64,false,5,2.5,0.0001,0.001,0,0.1,0.3
0151,true,true,Union,Linear,ConjugateGradientDescent,Adaptive,false,true,Analytic,false,true,4,100,20,2,10,0.0001,NMI,64,false,5,2.5,0.0001,0.01,0,0.1,0.3
0152,true,true,Union,Linear,ConjugateGradientDescent,Adaptive,false,true,Analytic,false,true,4,100,20,2,10,0.0001,NMI,64,false,5,2.5,0.0001,0.00001,0,0.0000001,0.5
0153,true,true,Union,Linear,ConjugateGradientDescent,Adaptive,false,true,Analytic,false,true,4,100,20,2,10,0.0001,NMI,64,false,5,2.5,0.0001,0.0001,0,0.0000001,0.5
0154,true,true,Union,Linear,ConjugateGradientDescent,Adaptive,false,true,Analytic,false,true,4,100,20,2,10,0.0001,NMI,64,false,5,2.5,0.0001,0.001,0,0.0000001,0.5
0155,true,true,Union,Linear,ConjugateGradientDescent,Adaptive,false,true,Analytic,false,true,4,100,20,2,10,0.0001,NMI,64,false,5,2.5,0.0001,0.01,0,0.0000001,0.5
0156,true,true,Union,Linear,ConjugateGradientDescent,Adaptive,false,true,Analytic,false,true,4,100,20,2,10,0.0001,NMI,64,false,5,2.5,0.0001,0.00001,0,0.001,0.5
0157,true,true,Union,Linear,ConjugateGradientDescent,Adaptive,false,true,Analytic,false,true,4,100,20,2,10,0.0001,NMI,64,false,5,2.5,0.0001,0.0001,0,0.001,0.5
0158,true,true,Union,Linear,ConjugateGradientDescent,Adaptive,false,true,Analytic,false,true,4,100,20,2,10,0.0001,NMI,64,false,5,2.5,0.0001,0.001,0,0.001,0.5
0159,true,true,Union,Linear,ConjugateGradientDescent,Adaptive,false,true,Analytic,false,true,4,100,20,2,10,0.0001,NMI,64,false,5,2.5,0.0001,0.01,0,0.001,0.5
0160,true,true,Union,Linear,ConjugateGradientDescent,Adaptive,false,true,Analytic,false,true,4,100,20,2,10,0.0001,NMI,64,false,5,2.5,0.0001,0.00001,0,0.01,0.5
0161,true,true,Union,Linear,ConjugateGradientDescent,Adaptive,false,true,Analytic,false,true,4,100,20,2,10,0.0001,NMI,64,false,5,2.5,0.0001,0.0001,0,0.01,0.5
0162,true,true,Union,Linear,ConjugateGradientDescent,Adaptive,false,true,Analytic,false,true,4,100,20,2,10,0.0001,NMI,64,false,5,2.5,0.0001,0.001,0,0.01,0.5
0163,true,true,Union,Linear,ConjugateGradientDescent,Adaptive,false,true,Analytic,false,true,4,100,20,2,10,0.0001,NMI,64,false,5,2.5,0.0001,0.01,0,0.01,0.5
0164,true,true,Union,Linear,ConjugateGradientDescent,Adaptive,false,true,Analytic,false,true,4,100,20,2,10,0.0001,NMI,64,false,5,2.5,0.0001,0.00001,0,0.1,0.5
0165,true,true,Union,Linear,ConjugateGradientDescent,Adaptive,false,true,Analytic,false,true,4,100,20,2,10,0.0001,NMI,64,false,5,2.5,0.0001,0.0001,0,0.1,0.5
0166,true,true,Union,Linear,ConjugateGradientDescent,Adaptive,false,true,Analytic,false,true,4,100,20,2,10,0.0001,NMI,64,false,5,2.5,0.0001,0.001,0,0.1,0.5
0167,true,true,Union,Linear,ConjugateGradientDescent,Adaptive,false,true,Analytic,false,true,4,100,20,2,10,0.0001,NMI,64,false,5,2.5,0.0001,0.01,0,0.1,0.5
0168,true,true,Union,Linear,ConjugateGradientDescent,Adaptive,false,true,Analytic,false,true,4,100,20,2,10,0.0001,NMI,64,false,5,2.5,0.0005,0.00001,0,0.0000001,0.3
0169,true,true,Union,Linear,ConjugateGradientDescent,Adaptive,false,true,Analytic,false,true,4,100,20,2,10,0.0001,NMI,64,false,5,2.5,0.0005,0.0001,0,0.0000001,0.3
0170,true,true,Union,Linear,ConjugateGradientDescent,Adaptive,false,true,Analytic,false,true,4,100,20,2,10,0.0001,NMI,64,false,5,2.5,0.0005,0.001,0,0.0000001,0.3
0171,true,true,Union,Linear,ConjugateGradientDescent,Adaptive,false,true,Analytic,false,true,4,100,20,2,10,0.0001,NMI,64,false,5,2.5,0.0005,0.01,0,0.0000001,0.3
0172,true,true,Union,Linear,ConjugateGradientDescent,Adaptive,false,true,Analytic,false,true,4,100,20,2,10,0.0001,NMI,64,false,5,2.5,0.0005,0.00001,0,0.001,0.3
0173,true,true,Union,Linear,ConjugateGradientDescent,Adaptive,false,true,Analytic,false,true,4,100,20,2,10,0.0001,NMI,64,false,5,2.5,0.0005,0.0001,0,0.001,0.3
0174,true,true,Union,Linear,ConjugateGradientDescent,Adaptive,false,true,Analytic,false,true,4,100,20,2,10,0.0001,NMI,64,false,5,2.5,0.0005,0.001,0,0.001,0.3
0175,true,true,Union,Linear,ConjugateGradientDescent,Adaptive,false,true,Analytic,false,true,4,100,20,2,10,0.0001,NMI,64,false,5,2.5,0.0005,0.01,0,0.001,0.3
0176,true,true,Union,Linear,ConjugateGradientDescent,Adaptive,false,true,Analytic,false,true,4,100,20,2,10,0.0001,NMI,64,false,5,2.5,0.0005,0.00001,0,0.01,0.3
0177,true,true,Union,Linear,ConjugateGradientDescent,Adaptive,false,true,Analytic,false,true,4,100,20,2,10,0.0001,NMI,64,false,5,2.5,0.0005,0.0001,0,0.01,0.3
0178,true,true,Union,Linear,ConjugateGradientDescent,Adaptive,false,true,Analytic,false,true,4,100,20,2,10,0.0001,NMI,64,false,5,2.5,0.0005,0.001,0,0.01,0.3
0179,true,true,Union,Linear,ConjugateGradientDescent,Adaptive,false,true,Analytic,false,true,4,100,20,2,10,0.0001,NMI,64,false,5,2.5,0.0005,0.01,0,0.01,0.3
0180,true,true,Union,Linear,ConjugateGradientDescent,Adaptive,false,true,Analytic,false,true,4,100,20,2,10,0.0001,NMI,64,false,5,2.5,0.0005,0.00001,0,0.1,0.3
0181,true,true,Union,Linear,ConjugateGradientDescent,Adaptive,false,true,Analytic,false,true,4,100,20,2,10,0.0001,NMI,64,false,5,2.5,0.0005,0.0001,0,0.1,0.3
0182,true,true,Union,Linear,ConjugateGradientDescent,Adaptive,false,true,Analytic,false,true,4,100,20,2,10,0.0001,NMI,64,false,5,2.5,0.0005,0.001,0,0.1,0.3
0183,true,true,Union,Linear,ConjugateGradientDescent,Adaptive,false,true,Analytic,false,true,4,100,20,2,10,0.0001,NMI,64,false,5,2.5,0.0005,0.01,0,0.1,0.3
0184,true,true,Union,Linear,ConjugateGradientDescent,Adaptive,false,true,Analytic,false,true,4,100,20,2,10,0.0001,NMI,64,false,5,2.5,0.0005,0.00001,0,0.0000001,0.5
0185,true,true,Union,Linear,ConjugateGradientDescent,Adaptive,false,true,Analytic,false,true,4,100,20,2,10,0.0001,NMI,64,false,5,2.5,0.0005,0.0001,0,0.0000001,0.5
0186,true,true,Union,Linear,ConjugateGradientDescent,Adaptive,false,true,Analytic,false,true,4,100,20,2,10,0.0001,NMI,64,false,5,2.5,0.0005,0.001,0,0.0000001,0.5
0187,true,true,Union,Linear,ConjugateGradientDescent,Adaptive,false,true,Analytic,false,true,4,100,20,2,10,0.0001,NMI,64,false,5,2.5,0.0005,0.01,0,0.0000001,0.5
0188,true,true,Union,Linear,ConjugateGradientDescent,Adaptive,false,true,Analytic,false,true,4,100,20,2,10,0.0001,NMI,64,false,5,2.5,0.0005,0.00001,0,0.001,0.5
0189,true,true,Union,Linear,ConjugateGradientDescent,Adaptive,false,true,Analytic,false,true,4,100,20,2,10,0.0001,NMI,64,false,5,2.5,0.0005,0.0001,0,0.001,0.5
0190,true,true,Union,Linear,ConjugateGradientDescent,Adaptive,false,true,Analytic,false,true,4,100,20,2,10,0.0001,NMI,64,false,5,2.5,0.0005,0.001,0,0.001,0.5
0191,true,true,Union,Linear,ConjugateGradientDescent,Adaptive,false,true,Analytic,false,true,4,100,20,2,10,0.0001,NMI,64,false,5,2.5,0.0005,0.01,0,0.001,0.5
0192,true,true,Union,Linear,ConjugateGradientDescent,Adaptive,false,true,Analytic,false,true,4,100,20,2,10,0.0001,NMI,64,false,5,2.5,0.0005,0.00001,0,0.01,0.5
0193,true,true,Union,Linear,ConjugateGradientDescent,Adaptive,false,true,Analytic,false,true,4,100,20,2,10,0.0001,NMI,64,false,5,2.5,0.0005,0.0001,0,0.01,0.5
0194,true,true,Union,Linear,ConjugateGradientDescent,Adaptive,false,true,Analytic,false,true,4,100,20,2,10,0.0001,NMI,64,false,5,2.5,0.0005,0.001,0,0.01,0.5
0195,true,true,Union,Linear,ConjugateGradientDescent,Adaptive,false,true,Analytic,false,true,4,100,20,2,10,0.0001,NMI,64,false,5,2.5,0.0005,0.01,0,0.01,0.5
0196,true,true,Union,Linear,ConjugateGradientDescent,Adaptive,false,true,Analytic,false,true,4,100,20,2,10,0.0001,NMI,64,false,5,2.5,0.0005,0.00001,0,0.1,0.5
0197,true,true,Union,Linear,ConjugateGradientDescent,Adaptive,false,true,Analytic,false,true,4,100,20,2,10,0.0001,NMI,64,false,5,2.5,0.0005,0.0001,0,0.1,0.5
0198,true,true,Union,Linear,ConjugateGradientDescent,Adaptive,false,true,Analytic,false,true,4,100,20,2,10,0.0001,NMI,64,false,5,2.5,0.0005,0.001,0,0.1,0.5
0199,true,true,Union,Linear,ConjugateGradientDescent,Adaptive,false,true,Analytic,false,true,4,100,20,2,10,0.0001,NMI,64,false,5,2.5,0.0005,0.01,0,0.1,0.5
0200,true,true,Union,Linear,ConjugateGradientDescent,Adaptive,false,true,Analytic,false,true,4,100,20,2,10,0.0001,NMI,64,false,5,2.5,0.001,0.00001,0,0.0000001,0.3
0201,true,true,Union,Linear,ConjugateGradientDescent,Adaptive,false,true,Analytic,false,true,4,100,20,2,10,0.0001,NMI,64,false,5,2.5,0.001,0.0001,0,0.0000001,0.3
0202,true,true,Union,Linear,ConjugateGradientDescent,Adaptive,false,true,Analytic,false,true,4,100,20,2,10,0.0001,NMI,64,false,5,2.5,0.001,0.001,0,0.0000001,0.3
0203,true,true,Union,Linear,ConjugateGradientDescent,Adaptive,false,true,Analytic,false,true,4,100,20,2,10,0.0001,NMI,64,false,5,2.5,0.001,0.01,0,0.0000001,0.3
0204,true,true,Union,Linear,ConjugateGradientDescent,Adaptive,false,true,Analytic,false,true,4,100,20,2,10,0.0001,NMI,64,false,5,2.5,0.001,0.00001,0,0.001,0.3
0205,true,true,Union,Linear,ConjugateGradientDescent,Adaptive,false,true,Analytic,false,true,4,100,20,2,10,0.0001,NMI,64,false,5,2.5,0.001,0.0001,0,0.001,0.3
0206,true,true,Union,Linear,ConjugateGradientDescent,Adaptive,false,true,Analytic,false,true,4,100,20,2,10,0.0001,NMI,64,false,5,2.5,0.001,0.001,0,0.001,0.3
0207,true,true,Union,Linear,ConjugateGradientDescent,Adaptive,false,true,Analytic,false,true,4,100,20,2,10,0.0001,NMI,64,false,5,2.5,0.001,0.01,0,0.001,0.3
0208,true,true,Union,Linear,ConjugateGradientDescent,Adaptive,false,true,Analytic,false,true,4,100,20,2,10,0.0001,NMI,64,false,5,2.5,0.001,0.00001,0,0.01,0.3
0209,true,true,Union,Linear,ConjugateGradientDescent,Adaptive,false,true,Analytic,false,true,4,100,20,2,10,0.0001,NMI,64,false,5,2.5,0.001,0.0001,0,0.01,0.3
0210,true,true,Union,Linear,ConjugateGradientDescent,Adaptive,false,true,Analytic,false,true,4,100,20,2,10,0.0001,NMI,64,false,5,2.5,0.001,0.001,0,0.01,0.3
0211,true,true,Union,Linear,ConjugateGradientDescent,Adaptive,false,true,Analytic,false,true,4,100,20,2,10,0.0001,NMI,64,false,5,2.5,0.001,0.01,0,0.01,0.3
0212,true,true,Union,Linear,ConjugateGradientDescent,Adaptive,false,true,Analytic,false,true,4,100,20,2,10,0.0001,NMI,64,false,5,2.5,0.001,0.00001,0,0.1,0.3
0213,true,true,Union,Linear,ConjugateGradientDescent,Adaptive,false,true,Analytic,false,true,4,100,20,2,10,0.0001,NMI,64,false,5,2.5,0.001,0.0001,0,0.1,0.3
0214,true,true,Union,Linear,ConjugateGradientDescent,Adaptive,false,true,Analytic,false,true,4,100,20,2,10,0.0001,NMI,64,false,5,2.5,0.001,0.001,0,0.1,0.3
0215,true,true,Union,Linear,ConjugateGradientDescent,Adaptive,false,true,Analytic,false,true,4,100,20,2,10,0.0001,NMI,64,false,5,2.5,0.001,0.01,0,0.1,0.3
0216,true,true,Union,Linear,ConjugateGradientDescent,Adaptive,false,true,Analytic,false,true,4,100,20,2,10,0.0001,NMI,64,false,5,2.5,0.001,0.00001,0,0.0000001,0.5
0217,true,true,Union,Linear,ConjugateGradientDescent,Adaptive,false,true,Analytic,false,true,4,100,20,2,10,0.0001,NMI,64,false,5,2.5,0.001,0.0001,0,0.0000001,0.5
0218,true,true,Union,Linear,ConjugateGradientDescent,Adaptive,false,true,Analytic,false,true,4,100,20,2,10,0.0001,NMI,64,false,5,2.5,0.001,0.001,0,0.0000001,0.5
0219,true,true,Union,Linear,ConjugateGradientDescent,Adaptive,false,true,Analytic,false,true,4,100,20,2,10,0.0001,NMI,64,false,5,2.5,0.001,0.01,0,0.0000001,0.5
0220,true,true,Union,Linear,ConjugateGradientDescent,Adaptive,false,true,Analytic,false,true,4,100,20,2,10,0.0001,NMI,64,false,5,2.5,0.001,0.00001,0,0.001,0.5
0221,true,true,Union,Linear,ConjugateGradientDescent,Adaptive,false,true,Analytic,false,true,4,100,20,2,10,0.0001,NMI,64,false,5,2.5,0.001,0.0001,0,0.001,0.5
0222,true,true,Union,Linear,ConjugateGradientDescent,Adaptive,false,true,Analytic,false,true,4,100,20,2,10,0.0001,NMI,64,false,5,2.5,0.001,0.001,0,0.001,0.5
0223,true,true,Union,Linear,ConjugateGradientDescent,Adaptive,false,true,Analytic,false,true,4,100,20,2,10,0.0001,NMI,64,false,5,2.5,0.001,0.01,0,0.001,0.5
0224,true,true,Union,Linear,ConjugateGradientDescent,Adaptive,false,true,Analytic,false,true,4,100,20,2,10,0.0001,NMI,64,false,5,2.5,0.001,0.00001,0,0.01,0.5
0225,true,true,Union,Linear,ConjugateGradientDescent,Adaptive,false,true,Analytic,false,true,4,100,20,2,10,0.0001,NMI,64,false,5,2.5,0.001,0.0001,0,0.01,0.5
0226,true,true,Union,Linear,ConjugateGradientDescent,Adaptive,false,true,Analytic,false,true,4,100,20,2,10,0.0001,NMI,64,false,5,2.5,0.001,0.001,0,0.01,0.5
0227,true,true,Union,Linear,ConjugateGradientDescent,Adaptive,false,true,Analytic,false,true,4,100,20,2,10,0.0001,NMI,64,false,5,2.5,0.001,0.01,0,0.01,0.5
0228,true,true,Union,Linear,ConjugateGradientDescent,Adaptive,false,true,Analytic,false,true,4,100,20,2,10,0.0001,NMI,64,false,5,2.5,0.001,0.00001,0,0.1,0.5
0229,true,true,Union,Linear,ConjugateGradientDescent,Adaptive,false,true,Analytic,false,true,4,100,20,2,10,0.0001,NMI,64,false,5,2.5,0.001,0.0001,0,0.1,0.5
0230,true,true,Union,Linear,ConjugateGradientDescent,Adaptive,false,true,Analytic,false,true,4,100,20,2,10,0.0001,NMI,64,false,5,2.5,0.001,0.001,0,0.1,0.5
0231,true,true,Union,Linear,ConjugateGradientDescent,Adaptive,false,true,Analytic,false,true,4,100,20,2,10,0.0001,NMI,64,false,5,2.5,0.001,0.01,0,0.1,0.5
0232,true,true,Union,Linear,ConjugateGradientDescent,Adaptive,false,true,Analytic,false,true,4,100,20,2,10,0.0001,NMI,64,false,5,2.5,0.0001,0.1,0,0.1,0.5
0233,true,true,Union,Linear,ConjugateGradientDescent,Adaptive,false,true,Analytic,false,true,4,100,20,2,10,0.0001,NMI,64,false,5,2.5,0.0001,0.5,0,0.1,0.5
0234,true,true,Union,Linear,ConjugateGradientDescent,Adaptive,false,true,Analytic,false,true,4,100,20,2,10,0.0001,NMI,64,false,5,2.5,0.0001,1,0,0.1,0.5
0235,true,true,Union,Linear,ConjugateGradientDescent,Adaptive,false,true,Analytic,false,true,4,100,20,2,10,0.0001,NMI,64,false,5,2.5,0.0001,2,0,0.1,0.5
0236,true,true,Union,Linear,ConjugateGradientDescent,Adaptive,false,true,Analytic,false,true,4,100,20,2,10,0.0001,NMI,64,false,5,2.5,0.0005,0.1,0,0.1,0.5
0237,true,true,Union,Linear,ConjugateGradientDescent,Adaptive,false,true,Analytic,false,true,4,100,20,2,10,0.0001,NMI,64,false,5,2.5,0.0005,0.5,0,0.1,0.5
0238,true,true,Union,Linear,ConjugateGradientDescent,Adaptive,false,true,Analytic,false,true,4,100,20,2,10,0.0001,NMI,64,false,5,2.5,0.0005,1,0,0.1,0.5
0239,true,true,Union,Linear,ConjugateGradientDescent,Adaptive,false,true,Analytic,false,true,4,100,20,2,10,0.0001,NMI,64,false,5,2.5,0.0005,2,0,0.1,0.5
0240,true,true,Union,Linear,ConjugateGradientDescent,Adaptive,false,true,Analytic,false,true,4,100,20,2,10,0.0001,NMI,64,false,5,2.5,0.001,0.1,0,0.1,0.5
0241,true,true,Union,Linear,ConjugateGradientDescent,Adaptive,false,true,Analytic,false,true,4,100,20,2,10,0.0001,NMI,64,false,5,2.5,0.001,0.5,0,0.1,0.5
0242,true,true,Union,Linear,ConjugateGradientDescent,Adaptive,false,true,Analytic,false,true,4,100,20,2,10,0.0001,NMI,64,false,5,2.5,0.001,1,0,0.1,0.5
0243,true,true,Union,Linear,ConjugateGradientDescent,Adaptive,false,true,Analytic,false,true,4,100,20,2,10,0.0001,NMI,64,false,5,2.5,0.001,2,0,0.1,0.5
0244,true,true,Union,Linear,ConjugateGradientDescent,Adaptive,false,true,Analytic,false,true,4,100,20,2,10,0.0001,NMI,64,false,5,2.5,0.0001,0,0.00001,0.0000001,0.5
0245,true,true,Union,Linear,ConjugateGradientDescent,Adaptive,false,true,Analytic,false,true,4,100,20,2,10,0.0001,NMI,64,false,5,2.5,0.0001,0,0.0001,0.0000001,0.5
0246,true,true,Union,Linear,ConjugateGradientDescent,Adaptive,false,true,Analytic,false,true,4,100,20,2,10,0.0001,NMI,64,false,5,2.5,0.0001,0,0.001,0.0000001,0.5
0247,true,true,Union,Linear,ConjugateGradientDescent,Adaptive,false,true,Analytic,false,true,4,100,20,2,10,0.0001,NMI,64,false,5,2.5,0.0001,0,0.01,0.0000001,0.5
0248,true,true,Union,Linear,ConjugateGradientDescent,Adaptive,false,true,Analytic,false,true,4,100,20,2,10,0.0001,NMI,64,false,5,2.5,0.0001,0,0.00001,0.001,0.5
0249,true,true,Union,Linear,ConjugateGradientDescent,Adaptive,false,true,Analytic,false,true,4,100,20,2,10,0.0001,NMI,64,false,5,2.5,0.0001,0,0.0001,0.001,0.5
0250,true,true,Union,Linear,ConjugateGradientDescent,Adaptive,false,true,Analytic,false,true,4,100,20,2,10,0.0001,NMI,64,false,5,2.5,0.0001,0,0.001,0.001,0.5
0251,true,true,Union,Linear,ConjugateGradientDescent,Adaptive,false,true,Analytic,false,true,4,100,20,2,10,0.0001,NMI,64,false,5,2.5,0.0001,0,0.01,0.001,0.5
0252,true,true,Union,Linear,ConjugateGradientDescent,Adaptive,false,true,Analytic,false,true,4,100,20,2,10,0.0001,NMI,64,false,5,2.5,0.0001,0,0.00001,0.01,0.5
0253,true,true,Union,Linear,ConjugateGradientDescent,Adaptive,false,true,Analytic,false,true,4,100,20,2,10,0.0001,NMI,64,false,5,2.5,0.0001,0,0.0001,0.01,0.5
0254,true,true,Union,Linear,ConjugateGradientDescent,Adaptive,false,true,Analytic,false,true,4,100,20,2,10,0.0001,NMI,64,false,5,2.5,0.0001,0,0.001,0.01,0.5
0255,true,true,Union,Linear,ConjugateGradientDescent,Adaptive,false,true,Analytic,false,true,4,100,20,2,10,0.0001,NMI,64,false,5,2.5,0.0001,0,0.01,0.01,0.5
0256,true,true,Union,Linear,ConjugateGradientDescent,Adaptive,false,true,Analytic,false,true,4,100,20,2,10,0.0001,NMI,64,false,5,2.5,0.0001,0,0.00001,0.1,0.5
0257,true,true,Union,Linear,ConjugateGradientDescent,Adaptive,false,true,Analytic,false,true,4,100,20,2,10,0.0001,NMI,64,false,5,2.5,0.0001,0,0.0001,0.1,0.5
0258,true,true,Union,Linear,ConjugateGradientDescent,Adaptive,false,true,Analytic,false,true,4,100,20,2,10,0.0001,NMI,64,false,5,2.5,0.0001,0,0.001,0.1,0.5
0259,true,true,Union,Linear,ConjugateGradientDescent,Adaptive,false,true,Analytic,false,true,4,100,20,2,10,0.0001,NMI,64,false,5,2.5,0.0001,0,0.01,0.1,0.5
0260,true,true,Union,Linear,ConjugateGradientDescent,Adaptive,false,true,Analytic,false,true,4,100,20,2,10,0.0001,NMI,64,false,5,2.5,0.0005,0,0.00001,0.0000001,0.5
0261,true,true,Union,Linear,ConjugateGradientDescent,Adaptive,false,true,Analytic,false,true,4,100,20,2,10,0.0001,NMI,64,false,5,2.5,0.0005,0,0.0001,0.0000001,0.5
0262,true,true,Union,Linear,ConjugateGradientDescent,Adaptive,false,true,Analytic,false,true,4,100,20,2,10,0.0001,NMI,64,false,5,2.5,0.0005,0,0.001,0.0000001,0.5
0263,true,true,Union,Linear,ConjugateGradientDescent,Adaptive,false,true,Analytic,false,true,4,100,20,2,10,0.0001,NMI,64,false,5,2.5,0.0005,0,0.01,0.0000001,0.5
0264,true,true,Union,Linear,ConjugateGradientDescent,Adaptive,false,true,Analytic,false,true,4,100,20,2,10,0.0001,NMI,64,false,5,2.5,0.0005,0,0.00001,0.001,0.5
0265,true,true,Union,Linear,ConjugateGradientDescent,Adaptive,false,true,Analytic,false,true,4,100,20,2,10,0.0001,NMI,64,false,5,2.5,0.0005,0,0.0001,0.001,0.5
0266,true,true,Union,Linear,ConjugateGradientDescent,Adaptive,false,true,Analytic,false,true,4,100,20,2,10,0.0001,NMI,64,false,5,2.5,0.0005,0,0.001,0.001,0.5
0267,true,true,Union,Linear,ConjugateGradientDescent,Adaptive,false,true,Analytic,false,true,4,100,20,2,10,0.0001,NMI,64,false,5,2.5,0.0005,0,0.01,0.001,0.5
0268,true,true,Union,Linear,ConjugateGradientDescent,Adaptive,false,true,Analytic,false,true,4,100,20,2,10,0.0001,NMI,64,false,5,2.5,0.0005,0,0.00001,0.01,0.5
0269,true,true,Union,Linear,ConjugateGradientDescent,Adaptive,false,true,Analytic,false,true,4,100,20,2,10,0.0001,NMI,64,false,5,2.5,0.0005,0,0.0001,0.01,0.5
0270,true,true,Union,Linear,ConjugateGradientDescent,Adaptive,false,true,Analytic,false,true,4,100,20,2,10,0.0001,NMI,64,false,5,2.5,0.0005,0,0.001,0.01,0.5
0271,true,true,Union,Linear,ConjugateGradientDescent,Adaptive,false,true,Analytic,false,true,4,100,20,2,10,0.0001,NMI,64,false,5,2.5,0.0005,0,0.01,0.01,0.5
0272,true,true,Union,Linear,ConjugateGradientDescent,Adaptive,false,true,Analytic,false,true,4,100,20,2,10,0.0001,NMI,64,false,5,2.5,0.0005,0,0.00001,0.1,0.5
0273,true,true,Union,Linear,ConjugateGradientDescent,Adaptive,false,true,Analytic,false,true,4,100,20,2,10,0.0001,NMI,64,false,5,2.5,0.0005,0,0.0001,0.1,0.5
0274,true,true,Union,Linear,ConjugateGradientDescent,Adaptive,false,true,Analytic,false,true,4,100,20,2,10,0.0001,NMI,64,false,5,2.5,0.0005,0,0.001,0.1,0.5
0275,true,true,Union,Linear,ConjugateGradientDescent,Adaptive,false,true,Analytic,false,true,4,100,20,2,10,0.0001,NMI,64,false,5,2.5,0.0005,0,0.01,0.1,0.5
0276,true,true,Union,Linear,ConjugateGradientDescent,Adaptive,false,true,Analytic,false,true,4,100,20,2,10,0.0001,NMI,64,false,5,2.5,0.001,0,0.00001,0.0000001,0.5
0277,true,true,Union,Linear,ConjugateGradientDescent,Adaptive,false,true,Analytic,false,true,4,100,20,2,10,0.0001,NMI,64,false,5,2.5,0.001,0,0.0001,0.0000001,0.5
0278,true,true,Union,Linear,ConjugateGradientDescent,Adaptive,false,true,Analytic,false,true,4,100,20,2,10,0.0001,NMI,64,false,5,2.5,0.001,0,0.001,0.0000001,0.5
0279,true,true,Union,Linear,ConjugateGradientDescent,Adaptive,false,true,Analytic,false,true,4,100,20,2,10,0.0001,NMI,64,false,5,2.5,0.001,0,0.01,0.0000001,0.5
0280,true,true,Union,Linear,ConjugateGradientDescent,Adaptive,false,true,Analytic,false,true,4,100,20,2,10,0.0001,NMI,64,false,5,2.5,0.001,0,0.00001,0.001,0.5
0281,true,true,Union,Linear,ConjugateGradientDescent,Adaptive,false,true,Analytic,false,true,4,100,20,2,10,0.0001,NMI,64,false,5,2.5,0.001,0,0.0001,0.001,0.5
0282,true,true,Union,Linear,ConjugateGradientDescent,Adaptive,false,true,Analytic,false,true,4,100,20,2,10,0.0001,NMI,64,false,5,2.5,0.001,0,0.001,0.001,0.5
0283,true,true,Union,Linear,ConjugateGradientDescent,Adaptive,false,true,Analytic,false,true,4,100,20,2,10,0.0001,NMI,64,false,5,2.5,0.001,0,0.01,0.001,0.5
0284,true,true,Union,Linear,ConjugateGradientDescent,Adaptive,false,true,Analytic,false,true,4,100,20,2,10,0.0001,NMI,64,false,5,2.5,0.001,0,0.00001,0.01,0.5
0285,true,true,Union,Linear,ConjugateGradientDescent,Adaptive,false,true,Analytic,false,true,4,100,20,2,10,0.0001,NMI,64,false,5,2.5,0.001,0,0.0001,0.01,0.5
0286,true,true,Union,Linear,ConjugateGradientDescent,Adaptive,false,true,Analytic,false,true,4,100,20,2,10,0.0001,NMI,64,false,5,2.5,0.001,0,0.001,0.01,0.5
0287,true,true,Union,Linear,ConjugateGradientDescent,Adaptive,false,true,Analytic,false,true,4,100,20,2,10,0.0001,NMI,64,false,5,2.5,0.001,0,0.01,0.01,0.5
0288,true,true,Union,Linear,ConjugateGradientDescent,Adaptive,false,true,Analytic,false,true,4,100,20,2,10,0.0001,NMI,64,false,5,2.5,0.001,0,0.00001,0.1,0.5
0289,true,true,Union,Linear,ConjugateGradientDescent,Adaptive,false,true,Analytic,false,true,4,100,20,2,10,0.0001,NMI,64,false,5,2.5,0.001,0,0.0001,0.1,0.5
0290,true,true,Union,Linear,ConjugateGradientDescent,Adaptive,false,true,Analytic,false,true,4,100,20,2,10,0.0001,NMI,64,false,5,2.5,0.001,0,0.001,0.1,0.5
0291,true,true,Union,Linear,ConjugateGradientDescent,Adaptive,false,true,Analytic,false,true,4,100,20,2,10,0.0001,NMI,64,false,5,2.5,0.001,0,0.01,0.1,0.5
0292,true,true,Union,Linear,ConjugateGradientDescent,Adaptive,false,true,Analytic,false,true,4,100,20,2,10,0.0001,NMI,64,false,5,2.5,0.0001,0,0.1,0.1,0.5
0293,true,true,Union,Linear,ConjugateGradientDescent,Adaptive,false,true,Analytic,false,true,4,100,20,2,10,0.0001,NMI,64,false,5,2.5,0.0001,0,0.5,0.1,0.5
0294,true,true,Union,Linear,ConjugateGradientDescent,Adaptive,false,true,Analytic,false,true,4,100,20,2,10,0.0001,NMI,64,false,5,2.5,0.0001,0,1,0.1,0.5
0295,true,true,Union,Linear,ConjugateGradientDescent,Adaptive,false,true,Analytic,false,true,4,100,20,2,10,0.0001,NMI,64,false,5,2.5,0.0001,0,2,0.1,0.5
0296,true,true,Union,Linear,ConjugateGradientDescent,Adaptive,false,true,Analytic,false,true,4,100,20,2,10,0.0001,NMI,64,false,5,2.5,0.0005,0,0.1,0.1,0.5
0297,true,true,Union,Linear,ConjugateGradientDescent,Adaptive,false,true,Analytic,false,true,4,100,20,2,10,0.0001,NMI,64,false,5,2.5,0.0005,0,0.5,0.1,0.5
0298,true,true,Union,Linear,ConjugateGradientDescent,Adaptive,false,true,Analytic,false,true,4,100,20,2,10,0.0001,NMI,64,false,5,2.5,0.0005,0,1,0.1,0.5
0299,true,true,Union,Linear,ConjugateGradientDescent,Adaptive,false,true,Analytic,false,true,4,100,20,2,10,0.0001,NMI,64,false,5,2.5,0.0005,0,2,0.1,0.5
0300,true,true,Union,Linear,ConjugateGradientDescent,Adaptive,false,true,Analytic,false,true,4,100,20,2,10,0.0001,NMI,64,false,5,2.5,0.001,0,0.1,0.1,0.5
0301,true,true,Union,Linear,ConjugateGradientDescent,Adaptive,false,true,Analytic,false,true,4,100,20,2,10,0.0001,NMI,64,false,5,2.5,0.001,0,0.5,0.1,0.5
0302,true,true,Union,Linear,ConjugateGradientDescent,Adaptive,false,true,Analytic,false,true,4,100,20,2,10,0.0001,NMI,64,false,5,2.5,0.001,0,1,0.1,0.5
0303,true,true,Union,Linear,ConjugateGradientDescent,Adaptive,false,true,Analytic,false,true,4,100,20,2,10,0.0001,NMI,64,false,5,2.5,0.001,0,2,0.1,0.5
0304,true,true,Union,Linear,ConjugateGradientDescent,Adaptive,false,true,Analytic,false,true,4,100,20,2,10,0.0001,NMI,64,false,5,2.5,0.0001,0.001,0.001,0.1,0.5
0305,true,true,Union,Linear,ConjugateGradientDescent,Adaptive,false,true,Analytic,false,true,4,100,20,2,10,0.0001,NMI,64,false,5,2.5,0.0001,0.01,0.001,0.1,0.5
0306,true,true,Union,Linear,ConjugateGradientDescent,Adaptive,false,true,Analytic,false,true,4,100,20,2,10,0.0001,NMI,64,false,5,2.5,0.0001,0.1,0.001,0.1,0.5
0307,true,true,Union,Linear,ConjugateGradientDescent,Adaptive,false,true,Analytic,false,true,4,100,20,2,10,0.0001,NMI,64,false,5,2.5,0.0001,0.5,0.001,0.1,0.5
0308,true,true,Union,Linear,ConjugateGradientDescent,Adaptive,false,true,Analytic,false,true,4,100,20,2,10,0.0001,NMI,64,false,5,2.5,0.0001,0.001,0.01,0.1,0.5
0309,true,true,Union,Linear,ConjugateGradientDescent,Adaptive,false,true,Analytic,false,true,4,100,20,2,10,0.0001,NMI,64,false,5,2.5,0.0001,0.01,0.01,0.1,0.5
0310,true,true,Union,Linear,ConjugateGradientDescent,Adaptive,false,true,Analytic,false,true,4,100,20,2,10,0.0001,NMI,64,false,5,2.5,0.0001,0.1,0.01,0.1,0.5
0311,true,true,Union,Linear,ConjugateGradientDescent,Adaptive,false,true,Analytic,false,true,4,100,20,2,10,0.0001,NMI,64,false,5,2.5,0.0001,0.5,0.01,0.1,0.5
0312,true,true,Union,Linear,ConjugateGradientDescent,Adaptive,false,true,Analytic,false,true,4,100,20,2,10,0.0001,NMI,64,false,5,2.5,0.0001,0.001,0.1,0.1,0.5
0313,true,true,Union,Linear,ConjugateGradientDescent,Adaptive,false,true,Analytic,false,true,4,100,20,2,10,0.0001,NMI,64,false,5,2.5,0.0001,0.01,0.1,0.1,0.5
0314,true,true,Union,Linear,ConjugateGradientDescent,Adaptive,false,true,Analytic,false,true,4,100,20,2,10,0.0001,NMI,64,false,5,2.5,0.0001,0.1,0.1,0.1,0.5
0315,true,true,Union,Linear,ConjugateGradientDescent,Adaptive,false,true,Analytic,false,true,4,100,20,2,10,0.0001,NMI,64,false,5,2.5,0.0001,0.5,0.1,0.1,0.5
0316,true,true,Union,Linear,ConjugateGradientDescent,Adaptive,false,true,Analytic,false,true,4,100,20,2,10,0.0001,NMI,64,false,5,2.5,0.0005,0.001,0.001,0.1,0.5
0317,true,true,Union,Linear,ConjugateGradientDescent,Adaptive,false,true,Analytic,false,true,4,100,20,2,10,0.0001,NMI,64,false,5,2.5,0.0005,0.01,0.001,0.1,0.5
0318,true,true,Union,Linear,ConjugateGradientDescent,Adaptive,false,true,Analytic,false,true,4,100,20,2,10,0.0001,NMI,64,false,5,2.5,0.0005,0.1,0.001,0.1,0.5
0319,true,true,Union,Linear,ConjugateGradientDescent,Adaptive,false,true,Analytic,false,true,4,100,20,2,10,0.0001,NMI,64,false,5,2.5,0.0005,0.5,0.001,0.1,0.5
0320,true,true,Union,Linear,ConjugateGradientDescent,Adaptive,false,true,Analytic,false,true,4,100,20,2,10,0.0001,NMI,64,false,5,2.5,0.0005,0.001,0.01,0.1,0.5
0321,true,true,Union,Linear,ConjugateGradientDescent,Adaptive,false,true,Analytic,false,true,4,100,20,2,10,0.0001,NMI,64,false,5,2.5,0.0005,0.01,0.01,0.1,0.5
0322,true,true,Union,Linear,ConjugateGradientDescent,Adaptive,false,true,Analytic,false,true,4,100,20,2,10,0.0001,NMI,64,false,5,2.5,0.0005,0.1,0.01,0.1,0.5
0323,true,true,Union,Linear,ConjugateGradientDescent,Adaptive,false,true,Analytic,false,true,4,100,20,2,10,0.0001,NMI,64,false,5,2.5,0.0005,0.5,0.01,0.1,0.5
0324,true,true,Union,Linear,ConjugateGradientDescent,Adaptive,false,true,Analytic,false,true,4,100,20,2,10,0.0001,NMI,64,false,5,2.5,0.0005,0.001,0.1,0.1,0.5
0325,true,true,Union,Linear,ConjugateGradientDescent,Adaptive,false,true,Analytic,false,true,4,100,20,2,10,0.0001,NMI,64,false,5,2.5,0.0005,0.01,0.1,0.1,0.5
0326,true,true,Union,Linear,ConjugateGradientDescent,Adaptive,false,true,Analytic,false,true,4,100,20,2,10,0.0001,NMI,64,false,5,2.5,0.0005,0.1,0.1,0.1,0.5
0327,true,true,Union,Linear,ConjugateGradientDescent,Adaptive,false,true,Analytic,false,true,4,100,20,2,10,0.0001,NMI,64,false,5,2.5,0.0005,0.5,0.1,0.1,0.5
0328,true,true,Union,Linear,ConjugateGradientDescent,Adaptive,false,true,Analytic,false,true,4,100,20,2,10,0.0001,NMI,64,false,5,2.5,0.001,0.001,0.001,0.1,0.5
0329,true,true,Union,Linear,ConjugateGradientDescent,Adaptive,false,true,Analytic,false,true,4,100,20,2,10,0.0001,NMI,64,false,5,2.5,0.001,0.01,0.001,0.1,0.5
0330,true,true,Union,Linear,ConjugateGradientDescent,Adaptive,false,true,Analytic,false,true,4,100,20,2,10,0.0001,NMI,64,false,5,2.5,0.001,0.1,0.001,0.1,0.5
0331,true,true,Union,Linear,ConjugateGradientDescent,Adaptive,false,true,Analytic,false,true,4,100,20,2,10,0.0001,NMI,64,false,5,2.5,0.001,0.5,0.001,0.1,0.5
0332,true,true,Union,Linear,ConjugateGradientDescent,Adaptive,false,true,Analytic,false,true,4,100,20,2,10,0.0001,NMI,64,false,5,2.5,0.001,0.001,0.01,0.1,0.5
0333,true,true,Union,Linear,ConjugateGradientDescent,Adaptive,false,true,Analytic,false,true,4,100,20,2,10,0.0001,NMI,64,false,5,2.5,0.001,0.01,0.01,0.1,0.5
0334,true,true,Union,Linear,ConjugateGradientDescent,Adaptive,false,true,Analytic,false,true,4,100,20,2,10,0.0001,NMI,64,false,5,2.5,0.001,0.1,0.01,0.1,0.5
0335,true,true,Union,Linear,ConjugateGradientDescent,Adaptive,false,true,Analytic,false,true,4,100,20,2,10,0.0001,NMI,64,false,5,2.5,0.001,0.5,0.01,0.1,0.5
0336,true,true,Union,Linear,ConjugateGradientDescent,Adaptive,false,true,Analytic,false,true,4,100,20,2,10,0.0001,NMI,64,false,5,2.5,0.001,0.001,0.1,0.1,0.5
0337,true,true,Union,Linear,ConjugateGradientDescent,Adaptive,false,true,Analytic,false,true,4,100,20,2,10,0.0001,NMI,64,false,5,2.5,0.001,0.01,0.1,0.1,0.5
0338,true,true,Union,Linear,ConjugateGradientDescent,Adaptive,false,true,Analytic,false,true,4,100,20,2,10,0.0001,NMI,64,false,5,2.5,0.001,0.1,0.1,0.1,0.5
0339,true,true,Union,Linear,ConjugateGradientDescent,Adaptive,false,true,Analytic,false,true,4,100,20,2,10,0.0001,NMI,64,false,5,2.5,0.001,0.5,0.1,0.1,0.5
0340,true,true,Union,Linear,ConjugateGradientDescent,Adaptive,false,false,Analytic,false,true,4,100,20,2,10,0.0001,NMI,64,false,5,2.5,0.0005,0.001,0.001,0.1,0.5
0341,true,true,Union,Linear,ConjugateGradientDescent,Adaptive,false,false,Convolution,false,true,4,100,20,2,10,0.0001,NMI,64,false,5,2.5,0.0005,0.001,0.001,0.1,0.5
0342,true,true,Union,Linear,ConjugateGradientDescent,Adaptive,false,false,DMFFD,false,true,4,100,20,2,10,0.0001,NMI,64,false,5,2.5,0.0005,0.001,0.001,0.1,0.5
0343,true,true,Union,Linear,ConjugateGradientDescent,Adaptive,false,true,Analytic,false,true,4,100,20,2,10,0.0001,NMI,64,false,5,2.5,0.0005,0.001,0.001,0.1,0.5
0344,true,true,Union,Linear,ConjugateGradientDescent,Adaptive,false,true,Convolution,false,true,4,100,20,2,10,0.0001,NMI,64,false,5,2.5,0.0005,0.001,0.001,0.1,0.5
0345,true,true,Union,Linear,ConjugateGradientDescent,Adaptive,false,true,DMFFD,false,true,4,100,20,2,10,0.0001,NMI,64,false,5,2.5,0.0005,0.001,0.001,0.1,0.5
0346,false,false,Domain,Linear,ConjugateGradientDescent,Adaptive,false,false,Analytic,false,true,4,100,20,2,10,0.0001,NMI,64,false,5,2.5,0.0005,0.001,0.001,0.1,0.5
0347,false,false,Domain,Linear,ConjugateGradientDescent,Adaptive,false,false,Convolution,false,true,4,100,20,2,10,0.0001,NMI,64,false,5,2.5,0.0005,0.001,0.001,0.1,0.5
0348,false,false,Domain,Linear,ConjugateGradientDescent,Adaptive,false,false,DMFFD,false,true,4,100,20,2,10,0.0001,NMI,64,false,5,2.5,0.0005,0.001,0.001,0.1,0.5
0349,false,false,Domain,Linear,ConjugateGradientDescent,Adaptive,false,true,Analytic,false,true,4,100,20,2,10,0.0001,NMI,64,false,5,2.5,0.0005,0.001,0.001,0.1,0.5
0350,false,false,Domain,Linear,ConjugateGradientDescent,Adaptive,false,true,Convolution,false,true,4,100,20,2,10,0.0001,NMI,64,false,5,2.5,0.0005,0.001,0.001,0.1,0.5
0351,false,false,Domain,Linear,ConjugateGradientDescent,Adaptive,false,true,DMFFD,false,true,4,100,20,2,10,0.0001,NMI,64,false,5,2.5,0.0005,0.001,0.001,0.1,0.5
